101,1,-1.2586,-0.72618,-0.97477
101,10,-1.125,-0.79479,-0.94681
101,11,-1.28,-0.77629,-0.96652
101,12,-1.125,-0.80503,-0.96095
101,13,-1.28,-0.81513,-0.97385
101,14,-1.1647,-0.76663,-0.96236
101,2,-1.2194,-0.76898,-0.97605
101,3,-1.2586,-0.80119,-0.95313
101,4,-1.28,-0.75634,-0.94232
101,5,-1.2586,-0.81115,-0.95522
101,6,-1.28,-0.77214,-0.96562
101,7,-1.2385,-0.75881,-0.96957
101,8,-1.2975,-0.74078,-0.96673
101,9,-1.2586,-0.77822,-0.96971
102,1,-1.2196,-0.80006,-0.96919
102,10,-1.125,-0.75141,-0.9476
102,2,-1.2454,-0.73009,-0.96328
102,3,-1.2385,-0.89898,-0.96173
102,4,-1.2021,-0.78977,-0.94971
102,5,-1.1765,-0.77758,-0.95483
102,6,-1.2454,-0.78659,-0.94677
102,7,-1.2196,-0.89886,-0.97419
102,8,-1.28,-0.83815,-0.96656
102,9,-1.1442,-0.7962,-0.9715
103,1,-1.2454,-0.82548,-0.95391
103,2,-1.2454,-0.8124,-0.94863
103,3,-1.28,-0.90403,-0.94225
103,4,-1.2454,-0.83614,-0.93664
103,5,-1.2454,-0.82198,-0.9333
103,6,-1.2975,-0.84493,-0.94749
103,7,-1.2975,-0.82272,-0.94011
104,1,-1.2975,-0.75879,-0.9428
104,10,-1.2975,-0.76093,-0.94703
104,2,-1.2975,-0.80824,-0.88878
104,3,-1.2975,-0.74997,-0.95425
104,4,-1.2975,-0.7568,-0.97289
104,5,-1.2975,-0.77764,-0.96305
104,6,-1.2975,-0.76734,-0.96464
104,7,-1.2975,-0.77235,-0.96199
104,8,-1.2975,-0.80107,-0.97061
104,9,-1.2975,-0.76316,-0.95433
105,1,-1.2194,-0.83199,-0.98524
105,10,-1.1442,-0.74431,-0.97976
105,11,-1.166,-0.83631,-0.98255
105,2,-1.0742,-0.76458,-0.98123
105,3,-1.2975,-0.7337,-0.98453
105,4,-1.2975,-0.69614,-0.90392
105,5,-1.2975,-0.76369,-0.98197
105,6,-1.2975,-0.73809,-0.91411
105,7,-1.2975,-0.69629,-0.90445
105,8,-1.125,-0.84394,-0.96249
105,9,-1.125,-0.80974,-0.98374
106,1,-1.2586,-0.59773,-0.97048
106,2,-1.2586,-0.6709,-0.97222
106,3,-1.2586,-0.61222,-0.98065
106,4,-1.2975,-0.64202,-0.86274
106,5,-1.28,-0.73146,-0.96297
106,6,-1.125,-0.71409,-0.96264
106,7,-1.2586,-0.76683,-0.95091
107,1,-1.28,-0.94673,-0.95774
107,10,-1.356,-0.86962,-0.96218
107,2,-1.125,-0.83398,-0.9739
107,3,-1.2975,-0.79872,-0.96603
107,4,-1.2586,-0.83869,-0.95913
107,5,-1.2975,-0.83924,-0.98016
107,6,-1.2975,-0.91987,-0.9595
107,7,-1.2975,-0.90463,-0.97258
107,8,-1.356,-0.85538,-0.97902
107,9,-1.241,-0.89311,-0.97893
108,1,-1.2975,-0.78104,-0.95318
108,2,-1.2975,-0.78677,-0.94722
108,3,-1.2975,-0.74436,-0.96014
108,4,-1.2586,-0.80883,-0.96693
108,5,-1.2975,-0.74386,-0.94875
108,6,-1.2975,-0.81535,-0.9551
108,7,-1.2975,-0.77503,-0.98379
109,1,-1.2975,-0.80525,-0.93626
109,10,-1.1765,-0.82928,-0.92704
109,11,-1.28,-0.71962,-0.95133
109,2,-1.2975,-0.7779,-0.93573
109,3,-1.1765,-0.77273,-0.93264
109,4,-1.0742,-0.7431,-0.92679
109,5,-1.1887,-0.74504,-0.94715
109,6,-1.2385,-0.7547,-0.94091
109,7,-1.1442,-0.76389,-0.93584
109,8,-1.107,-0.74259,-0.9322
109,9,-1.1442,-0.80561,-0.92811
10,1,-1.158,-0.77091,-0.89377
10,2,-1.2454,-0.73172,-0.96743
10,3,-1.2454,-0.80257,-0.89606
10,4,-1.158,-0.83565,-0.97125
10,5,-1.2975,-0.75303,-0.96571
10,6,-1.2454,-0.79224,-0.97892
10,7,-1.158,-0.84859,-0.98025
110,1,-1.2586,-0.82803,-0.93854
110,10,-1.2385,-0.85403,-0.95535
110,11,-1.2385,-0.82279,-0.95228
110,12,-1.125,-0.87266,-0.95893
110,13,-1.2385,-0.90895,-0.93719
110,14,-1.2385,-0.8395,-0.96859
110,15,-1.2385,-0.88145,-0.9447
110,16,-1.2586,-0.84971,-0.95228
110,2,-1.2586,-0.87627,-0.96205
110,3,-1.2385,-0.85902,-0.95991
110,4,-1.125,-0.82851,-0.96033
110,5,-1.2385,-0.8372,-0.95113
110,6,-1.2586,-0.89873,-0.95613
110,7,-1.1442,-0.80262,-0.97706
110,8,-1.2385,-0.88739,-0.93894
110,9,-1.2975,-0.74167,-0.95849
111,1,-1.2021,-0.73977,-0.88373
111,10,-1.2021,-0.73584,-0.9827
111,11,-1.2021,-0.8021,-0.94476
111,12,-1.2385,-0.77978,-0.96994
111,13,-1.2021,-0.78012,-0.9895
111,2,-1.2021,-0.83664,-0.89928
111,3,-1.1854,-0.78711,-0.97568
111,4,-1.2021,-0.76282,-0.98892
111,5,-1.2385,-0.7314,-0.97201
111,6,-1.2021,-0.77549,-0.89402
111,7,-1.2021,-0.77646,-0.9782
111,8,-1.1854,-0.75149,-0.97577
111,9,-1.2021,-0.76446,-1.0039
112,1,-1.0384,-0.80362,-0.93619
112,10,-1.06,-0.78638,-0.97031
112,11,-1.0384,-0.75121,-0.95795
112,2,-1.0186,-0.77029,-0.95455
112,3,-1.0377,-0.77067,-0.96482
112,4,-1.0186,-0.75762,-0.9681
112,5,-0.96609,-0.78412,-0.96136
112,6,-1,-0.8274,-0.97042
112,7,-0.96609,-0.75134,-0.95775
112,8,-0.96609,-0.73842,-0.96568
112,9,-1.0186,-0.85004,-0.95492
114,1,-1.2586,-0.80248,-0.94485
114,10,-1.107,-0.77224,-0.93523
114,11,-1.2975,-0.85404,-0.93003
114,12,-1.2975,-0.84006,-0.92538
114,2,-1.2586,-0.79267,-0.95501
114,3,-1.2975,-0.80064,-0.9572
114,4,-1.2975,-0.80409,-0.91986
114,5,-1.1765,-0.8507,-0.94087
114,6,-1.28,-0.73321,-0.94418
114,7,-1.1442,-0.85004,-0.93678
114,8,-1.2975,-0.86718,-0.94712
114,9,-1.1647,-0.80014,-0.93412
115,1,-1.2196,-0.75375,-0.95851
115,10,-1.2196,-0.87259,-0.95289
115,11,-1.2586,-0.8407,-0.97026
115,12,-1.3011,-0.86117,-0.94894
115,2,-1.2586,-0.77401,-0.96503
115,3,-1.2586,-0.79047,-0.96828
115,4,-1.2196,-0.77418,-0.96197
115,5,-1.2586,-0.88417,-0.95925
115,6,-1.2586,-0.80003,-0.95572
115,7,-1.2586,-0.71313,-0.95143
115,8,-1.2196,-0.83085,-0.96126
115,9,-1.2196,-0.77596,-0.97145
116,1,-1.2586,-0.6848,-0.99191
116,10,-1.125,-0.79477,-0.99983
116,11,-1.2586,-0.84853,-1.0087
116,12,-1.2586,-0.71365,-0.98634
116,13,-1.2975,-0.75728,-0.99331
116,2,-1.2586,-0.79507,-1.0006
116,3,-1.2558,-0.75107,-0.99904
116,4,-1.2975,-0.72777,-1.0007
116,5,-1.2586,-0.73029,-1.0129
116,6,-1.125,-0.84149,-1.0054
116,7,-1.2975,-0.75077,-0.9816
116,8,-1.2975,-0.69132,-0.90582
116,9,-1.2586,-0.87003,-0.99363
117,1,-1.2975,-0.61137,-0.86759
117,2,-1.2975,-0.73493,-0.92976
118,1,-1.2385,-0.77644,-0.92143
118,10,-1.2975,-0.78329,-0.92863
118,11,-1.2778,-0.82116,-0.94137
118,12,-1.1442,-0.84387,-0.91966
118,2,-1.2975,-0.77924,-0.93379
118,3,-1.2385,-0.86609,-0.93219
118,4,-1.2385,-0.81303,-0.9201
118,5,-1.1765,-0.7896,-0.94929
118,6,-1.2586,-0.77367,-0.93542
118,7,-1.2975,-0.82161,-0.93846
118,8,-1.2586,-0.8163,-0.94537
118,9,-1.2975,-0.83077,-0.92538
119,1,-1.2385,-0.7486,-0.99916
119,10,-1.1887,-0.74096,-1.0001
119,2,-1.2975,-0.79026,-1.0017
119,3,-1.2975,-0.78642,-1.0024
119,4,-1.2194,-0.76604,-1.01
119,5,-1.2975,-0.78449,-0.99378
119,6,-1.2975,-0.71525,-0.99674
119,7,-1.2586,-0.78221,-1.0049
119,8,-1.2975,-0.71084,-0.96052
119,9,-1.1765,-0.75221,-0.99842
11,1,-1.2975,-0.7602,-0.96426
11,10,-1.1765,-0.8713,-0.97555
11,2,-1.2586,-0.76915,-0.97529
11,3,-1.2975,-0.81205,-0.98314
11,4,-1.125,-0.84761,-0.94983
11,5,-1.28,-0.77149,-0.98454
11,6,-1.125,-0.8009,-0.97255
11,7,-1.1442,-0.81717,-0.95764
11,8,-1.125,-0.83687,-0.95906
11,9,-1.125,-0.73921,-0.9702
120,1,-1.2975,-0.74639,-0.95084
120,2,-1.2975,-0.76898,-0.95496
120,3,-1.2975,-0.74965,-0.95655
120,4,-1.2975,-0.76523,-0.95408
120,5,-1.2385,-0.75006,-0.95749
120,6,-1.2975,-0.75602,-0.95337
120,7,-1.2975,-0.74772,-0.95291
120,8,-1.28,-0.70807,-0.95401
120,9,-1.2975,-0.75666,-0.93871
121,1,-1.2194,-0.65265,-0.90536
121,10,-1.2385,-0.72456,-0.90536
121,2,-1.2194,-0.74746,-0.88979
121,3,-1.2385,-0.72128,-0.89632
121,4,-1.2586,-0.76111,-0.98249
121,5,-1.2194,-0.73826,-0.88813
121,6,-1.2385,-0.76361,-0.98796
121,7,-1.2385,-0.71322,-0.90055
121,8,-1.2385,-0.70394,-0.90128
121,9,-1.2975,-0.6415,-0.90257
122,1,-1.2196,-0.7836,-0.94293
122,2,-1.2021,-0.83876,-0.93537
122,3,-1.2196,-0.87273,-0.95603
122,4,-1.2385,-0.85045,-0.94905
122,5,-1.2586,-0.81555,-0.94578
122,6,-1.2381,-0.81161,-0.95126
122,7,-1.2586,-0.95299,-0.93768
123,1,-1.2975,-0.73046,-0.92936
123,10,-1.2975,-0.86067,-0.93905
123,11,-1.2975,-0.76203,-0.95661
123,2,-1.2454,-0.75728,-0.93801
123,3,-1.2352,-0.73154,-0.95879
123,4,-1.2454,-0.75893,-0.93815
123,5,-1.2975,-0.74828,-0.9557
123,6,-1.2454,-0.86315,-0.95643
123,7,-1.2586,-0.80942,-0.94034
123,8,-1.2975,-0.81168,-0.92903
123,9,-1.2975,-0.78909,-0.93702
124,1,-1.0901,-0.74112,-0.9837
124,2,-1.2586,-0.72916,-0.99753
124,3,-1.107,-0.71801,-0.9755
124,4,-1.2975,-0.73243,-0.99567
124,5,-1.1765,-0.76862,-0.99098
125,1,-1.2385,-0.78774,-0.94973
125,10,-1.28,-0.83271,-0.94692
125,2,-1.2586,-0.83821,-0.95558
125,3,-1.2385,-0.79391,-0.95686
125,4,-1.2385,-0.88078,-0.93726
125,5,-1.125,-0.75893,-0.94612
125,6,-1.2586,-0.77598,-0.94641
125,7,-1.2586,-0.81494,-0.95244
125,8,-1.2975,-0.80204,-0.94268
125,9,-1.125,-0.75031,-0.93808
126,1,-1.2586,-0.79666,-0.91865
126,2,-1.2021,-0.78776,-0.93666
126,3,-1.2196,-0.79235,-0.92785
126,4,-1.2021,-0.76002,-0.92693
126,5,-1.2385,-0.82427,-0.9451
126,6,-1.2454,-0.73326,-0.93922
126,7,-1.2975,-0.73155,-0.93712
127,1,-1.2454,-0.79789,-0.93141
127,10,-1.2975,-0.91424,-0.94428
127,11,-1.2975,-0.90192,-0.94347
127,2,-1.2975,-0.7781,-0.95735
127,3,-1.2975,-0.8617,-0.94193
127,4,-1.2975,-0.84365,-0.95088
127,5,-1.356,-0.81478,-0.94847
127,6,-1.3011,-0.79514,-0.94295
127,7,-1.2975,-0.80439,-0.93941
127,8,-1.2975,-0.8301,-0.94703
127,9,-1.2975,-0.8885,-0.93615
128,1,-1.125,-0.75574,-0.9737
128,10,-1.125,-0.9118,-0.98135
128,11,-1.2975,-0.77989,-0.97992
128,2,-1.125,-0.74513,-0.97573
128,3,-1.1765,-0.78505,-0.98744
128,4,-1.2975,-0.75698,-0.97799
128,5,-1.2586,-0.90913,-0.97072
128,6,-1.125,-0.84684,-0.98029
128,7,-1.2975,-0.76473,-0.95597
128,8,-1.28,-0.82305,-0.97422
128,9,-1.1765,-0.80429,-0.97863
129,1,-1.125,-0.80337,-0.94456
129,2,-1.125,-0.81181,-0.92267
129,3,-1.2586,-0.83474,-0.91786
129,4,-1.2586,-0.78358,-0.93139
129,5,-1.1442,-0.77949,-0.92878
129,6,-1.2586,-0.83174,-0.92358
129,7,-1.2586,-0.6653,-0.92797
129,8,-1.1442,-0.84534,-0.91475
130,1,-1.2014,-0.76637,-0.9674
130,2,-1.2975,-0.76236,-0.89756
130,3,-1.2975,-0.75221,-0.89614
130,4,-1.2975,-0.75205,-0.91
130,5,-1.2385,-0.72931,-0.96884
131,1,-1.2194,-0.8193,-0.93324
131,10,-1.2975,-0.75492,-0.9705
131,11,-1.1765,-0.82671,-0.96493
131,12,-1.2385,-0.8432,-0.96345
131,2,-1.2454,-0.81862,-0.97088
131,3,-1.2586,-0.92543,-0.95713
131,4,-1.2975,-0.77062,-0.96513
131,5,-1.2975,-0.78326,-0.96001
131,6,-1.2778,-0.75143,-0.95687
131,7,-1.2385,-0.80163,-0.9718
131,8,-1.2975,-0.76323,-0.97203
131,9,-1.2975,-0.80238,-0.95616
132,1,-1.2385,-0.82727,-1.015
132,10,-1.2975,-0.79953,-1.0188
132,2,-1.2975,-0.68709,-0.92222
132,3,-1.2385,-0.76152,-1.0096
132,4,-1.2385,-0.83135,-1.0097
132,5,-1.2385,-0.75566,-1.0025
132,6,-1.2385,-0.84614,-0.93036
132,7,-1.2385,-0.82273,-1.0046
132,8,-1.2385,-0.75933,-0.99693
132,9,-1.2586,-0.90605,-1.0075
133,1,-1.2194,-0.73213,-0.98043
133,10,-1.1765,-0.7971,-0.98708
133,11,-1.356,-0.75415,-0.96118
133,2,-1.2975,-0.74437,-0.97747
133,3,-1.2975,-0.73183,-0.97493
133,4,-1.1765,-0.74174,-0.96998
133,5,-1.2975,-0.80462,-0.9705
133,6,-1.2586,-0.79919,-0.97625
133,7,-1.0901,-0.71341,-0.97446
133,8,-1.2975,-0.84768,-0.95529
133,9,-1.1442,-0.84609,-0.97542
134,1,-1.2454,-0.76212,-0.94708
134,10,-1.2975,-0.79485,-0.9578
134,2,-1.2454,-0.77072,-0.95769
134,3,-1.2385,-0.81911,-0.93977
134,4,-1.2975,-0.77954,-0.95687
134,5,-1.2586,-0.81039,-0.942
134,6,-1.2454,-0.80325,-0.93851
134,7,-1.2975,-0.8184,-0.93267
134,8,-1.2975,-0.70951,-0.93537
134,9,-1.2454,-0.76201,-0.94239
135,1,-1.158,-0.63272,-0.88917
135,2,-1.2454,-0.78447,-0.88238
135,3,-1.2975,-0.75678,-0.98397
135,4,-1.2454,-0.79253,-0.88972
135,5,-1.2975,-0.74327,-0.96727
136,1,-1.2586,-0.82299,-0.96126
136,10,-1.2586,-0.78687,-0.96746
136,11,-1.28,-0.73935,-0.97176
136,12,-1.2586,-0.78937,-0.97412
136,13,-1.1442,-0.79192,-0.96374
136,14,-1.28,-0.69202,-0.96838
136,15,-1.1442,-0.85537,-0.9586
136,16,-1.1442,-0.78521,-0.98237
136,2,-1.2586,-0.78108,-0.96113
136,3,-1.2586,-0.7534,-0.96022
136,4,-1.28,-0.76696,-0.95324
136,5,-1.2975,-0.76867,-0.9681
136,6,-1.28,-0.77661,-0.9587
136,7,-1.2385,-0.80163,-0.95985
136,8,-1.28,-0.7611,-0.96776
136,9,-1.28,-0.81607,-0.96463
137,1,-1.2586,-0.73698,-0.93046
137,2,-1.2586,-0.79912,-0.93389
137,3,-1.125,-0.72685,-0.92468
137,4,-1.2586,-0.71618,-0.92462
137,5,-1.2586,-0.751,-0.93674
137,6,-1.2586,-0.76647,-0.93179
137,7,-1.125,-0.68541,-0.92789
137,8,-1.2586,-0.77165,-0.92393
137,9,-1.1442,-0.73269,-0.91744
138,1,-1.2975,-0.7807,-0.96495
138,2,-1.2975,-0.79814,-0.95857
138,3,-1.2385,-0.80064,-0.93304
138,4,-1.125,-0.81732,-0.94691
138,5,-1.28,-0.85709,-0.97579
138,6,-1.2586,-0.81392,-0.93512
138,7,-1.326,-0.92071,-0.95192
138,8,-1.125,-0.81063,-0.95463
138,9,-1.125,-0.85829,-0.93322
139,1,-1.2975,-0.72114,-0.96467
13,1,-1.2975,-0.71979,-0.94985
13,10,-1.1442,-0.81891,-0.95117
13,11,-1.1442,-0.77843,-0.9636
13,2,-1.2385,-0.72537,-0.96188
13,3,-1.2975,-0.79874,-0.95702
13,4,-1.2586,-0.76926,-0.96298
13,5,-1.2385,-0.66125,-0.95896
13,6,-1.125,-0.81215,-0.968
13,7,-1.2586,-0.77077,-0.96102
13,8,-1.2586,-0.82027,-0.96228
13,9,-1.2975,-0.82227,-0.96552
140,1,-1.2021,-0.7166,-0.89188
140,2,-1.2385,-0.73838,-0.99489
140,3,-1.2194,-0.78128,-1.0074
140,4,-1.2385,-0.75219,-1.0009
140,5,-1.2385,-0.79928,-0.89487
140,6,-1.2975,-0.7408,-0.99629
140,7,-1.2021,-0.77587,-0.97914
140,8,-1.2194,-0.75447,-0.97621
141,1,-1.2975,-0.80185,-0.99118
141,10,-1.0901,-0.73804,-1.0044
141,11,-1.125,-0.84457,-1.0095
141,12,-1.2975,-0.79426,-1.021
141,2,-1.2385,-0.84746,-0.99002
141,3,-1.2975,-0.73436,-1.0016
141,4,-1.2975,-0.80941,-0.99974
141,5,-1.2194,-0.77484,-1.0081
141,6,-1.2586,-0.84077,-1.0101
141,7,-1.2975,-0.72054,-1.0082
141,8,-1.2385,-0.87297,-0.98836
141,9,-1.2586,-0.79646,-0.99761
142,1,-1.2454,-0.70748,-0.97625
142,10,-1.2454,-0.70584,-0.96799
142,11,-1.2194,-0.72293,-0.97788
142,2,-1.2021,-0.81165,-0.96906
142,3,-1.2975,-0.73415,-0.97511
142,4,-1.2454,-0.79637,-0.97774
142,5,-1.2454,-0.75603,-0.9692
142,6,-1.2194,-0.72561,-0.98086
142,7,-1.2454,-0.73925,-0.96374
142,8,-1.2021,-0.81223,-0.97199
142,9,-1.1854,-0.73159,-0.95883
143,1,-1.2975,-0.79894,-0.9493
143,10,-1.2975,-0.78682,-0.9502
143,11,-1.2975,-0.80643,-0.94204
143,12,-1.2975,-0.84892,-0.95189
143,2,-1.2975,-0.79364,-0.93249
143,3,-1.2975,-0.81379,-0.95929
143,4,-1.2385,-0.86306,-0.94738
143,5,-1.2975,-0.77454,-0.95543
143,6,-1.2975,-0.81035,-0.92726
143,7,-1.2975,-0.81685,-0.96149
143,8,-1.1765,-0.85279,-0.95164
143,9,-1.2975,-0.81235,-0.92482
144,1,-1.2975,-0.84397,-1.0216
144,10,-1.1442,-0.76917,-1.0282
144,2,-1.2385,-0.82191,-1.0231
144,3,-1.2385,-0.79431,-1.0172
144,4,-1.2385,-0.79479,-1.0222
144,5,-1.2586,-0.7603,-1.0105
144,6,-1.2385,-0.77577,-1.0309
144,7,-1.2194,-0.83165,-1.0249
144,8,-1.2385,-0.82069,-1.0187
144,9,-1.2586,-0.80095,-1.0094
145,1,-1.1765,-0.73492,-0.95962
146,1,-1.2021,-0.77532,-0.93742
147,1,-1.2586,-0.76221,-0.93495
147,10,-1.1765,-0.84449,-0.93614
147,11,-1.125,-0.85131,-0.91072
147,12,-1.1765,-0.86792,-0.92916
147,2,-1.2975,-0.76248,-0.94025
147,3,-1.2385,-0.90764,-0.93935
147,4,-1.2586,-0.82906,-0.94632
147,5,-1.2975,-0.8263,-0.94059
147,6,-1.2975,-0.85082,-0.93719
147,7,-1.0742,-0.78836,-0.92509
147,8,-1.1765,-0.77615,-0.93025
147,9,-1.125,-0.82765,-0.91975
148,1,-1.1992,-0.72794,-0.96401
148,2,-1.2454,-0.77032,-0.87703
148,3,-1.1765,-0.77062,-0.92596
149,1,-1.2586,-0.78989,-0.99788
149,10,-1.125,-0.76904,-0.99118
149,11,-1.125,-0.7695,-1.0093
149,2,-1.2586,-0.82275,-1.006
149,3,-1.125,-0.7719,-0.99027
149,4,-1.1442,-0.84866,-0.97722
149,5,-1.125,-0.87905,-0.99448
149,6,-1.125,-0.78802,-1.0036
149,7,-1.125,-0.87168,-1.0035
149,8,-1.125,-0.82319,-0.99294
149,9,-1.1442,-0.71894,-1.0001
14,1,-1.2454,-0.79117,-0.94221
14,10,-1.2975,-0.81629,-0.96165
14,11,-1.2454,-0.86296,-0.95395
14,12,-1.2454,-0.84912,-0.95448
14,2,-1.2454,-0.77465,-0.95788
14,3,-1.2196,-0.84683,-0.96794
14,4,-1.2975,-0.77812,-0.96944
14,5,-1.2975,-0.84208,-0.96155
14,6,-1.2454,-0.83872,-0.96137
14,7,-1.2454,-0.79585,-0.98049
14,8,-1.2975,-0.78304,-0.96356
14,9,-1.2454,-0.80261,-0.94997
150,1,-1.1854,-0.75952,-0.97339
150,10,-1.2586,-0.79466,-0.97441
150,11,-1.2975,-0.81242,-0.97241
150,12,-1.2975,-0.75448,-0.97521
150,13,-1.125,-0.82943,-0.96934
150,14,-1.2975,-0.79166,-0.97076
150,2,-1.2975,-0.76274,-0.96318
150,3,-1.2975,-0.72038,-0.9513
150,4,-1.2196,-0.89366,-0.9681
150,5,-1.2975,-0.73939,-0.96366
150,6,-1.2385,-0.80999,-0.97075
150,7,-1.2975,-0.72389,-0.96216
150,8,-1.2975,-0.79285,-0.95905
150,9,-1.2975,-0.72459,-0.97751
151,1,-1.2454,-0.65977,-0.90944
151,2,-1.2454,-0.78223,-0.97564
151,3,-1.2454,-0.79264,-0.91231
151,4,-1.2454,-0.80491,-0.92804
151,5,-1.2975,-0.76931,-0.98306
151,6,-1.2975,-0.78072,-0.9895
151,7,-1.2975,-0.80666,-0.97909
151,8,-1.2454,-0.798,-0.98915
151,9,-1.2454,-0.76815,-0.92865
152,1,-1.2454,-0.79688,-0.98137
152,10,-1.2454,-0.78155,-0.97056
152,11,-1.2975,-0.78478,-0.96539
152,12,-1.2975,-0.80397,-0.97129
152,13,-1.2454,-0.78289,-0.97725
152,14,-1.2454,-0.81034,-0.96923
152,15,-1.2454,-0.80745,-0.98305
152,2,-1.2454,-0.79415,-0.9104
152,3,-1.2454,-0.76878,-0.89934
152,4,-1.2454,-0.77472,-0.98277
152,5,-1.2454,-0.76347,-0.98733
152,6,-1.2454,-0.77949,-0.99471
152,7,-1.2975,-0.81373,-0.98846
152,8,-1.2975,-0.75212,-0.99242
152,9,-1.2975,-0.78779,-0.91408
153,1,-1.2975,-0.78553,-0.99626
153,10,-1.1765,-0.78237,-0.98106
153,11,-1.125,-0.74586,-1.009
153,2,-1.1765,-0.76638,-1.0348
153,3,-1.2975,-0.76017,-1.0022
153,4,-1.1765,-0.78339,-1.0009
153,5,-1.1765,-0.75929,-1.0053
153,6,-1.1765,-0.74464,-0.99255
153,7,-1.1647,-0.77758,-1.001
153,8,-1.1765,-0.80348,-1.0032
153,9,-1.1765,-0.76773,-1.0044
154,1,-1.125,-0.84779,-0.96502
154,2,-1.2586,-0.82137,-0.95961
154,3,-1.2975,-0.73643,-0.94737
154,4,-1.2586,-0.73495,-0.95417
154,5,-1.2975,-0.74111,-0.95996
154,6,-1.125,-0.80956,-0.97362
154,7,-1.1887,-0.86141,-0.97437
155,1,-1.2454,-0.79391,-0.97717
155,10,-1.2196,-0.85432,-0.94908
155,11,-1.2586,-0.84565,-0.95605
155,2,-1.2454,-0.84802,-0.97181
155,3,-1.2454,-0.67327,-0.89115
155,4,-1.2454,-0.77845,-0.96551
155,5,-1.2454,-0.81254,-0.97947
155,6,-1.2352,-0.82732,-0.96043
155,7,-1.2975,-0.83607,-0.96096
155,8,-1.2385,-0.75713,-0.96654
155,9,-1.356,-0.74116,-0.97825
156,1,-1.2454,-0.76067,-0.95159
156,2,-1.1213,-0.68805,-0.85118
156,3,-1.2454,-0.80531,-0.94978
156,4,-1.2454,-0.75223,-0.93529
156,5,-1.2975,-0.76325,-0.9453
157,1,-1.2194,-0.77693,-0.97659
157,2,-1.125,-0.76684,-0.97915
157,3,-1.1442,-0.77305,-0.97512
157,4,-1.2586,-0.86223,-0.97483
157,5,-1.1887,-0.79116,-0.95367
157,6,-1.2975,-0.77168,-0.96552
157,7,-1.1765,-0.78607,-0.96648
158,1,-1.2454,-0.82365,-0.96425
158,2,-1.2454,-0.79349,-0.96886
158,3,-1.2454,-0.8337,-0.96712
158,4,-1.2975,-0.76388,-0.9598
158,5,-1.2975,-0.80805,-0.96954
159,1,-1.2975,-0.76415,-0.95224
159,10,-1.2975,-0.75549,-1.0128
159,11,-1.2975,-0.75396,-1.0212
159,2,-1.2975,-0.76724,-1.0365
159,3,-1.2975,-0.75114,-1.032
159,4,-1.2385,-0.81114,-1.0271
159,5,-1.2385,-0.8928,-0.98717
159,6,-1.2975,-0.76976,-0.99361
159,7,-1.2586,-0.83371,-1.0294
159,8,-1.28,-0.7842,-1.0131
159,9,-1.2385,-0.87152,-1.0077
15,1,-1.2196,-0.78059,-0.95564
15,2,-1.2194,-0.73438,-0.94261
15,3,-1.2454,-0.77211,-0.95804
15,4,-1.2454,-0.72763,-0.95134
15,5,-1.2194,-0.73332,-0.94829
15,6,-1.2454,-0.72315,-0.96844
15,7,-1.2975,-0.74376,-0.96089
160,1,-1.3011,-0.84632,-0.93741
160,2,-1.2586,-0.79583,-0.92443
160,3,-1.2586,-0.73774,-0.91994
160,4,-1.2385,-0.7521,-0.93109
160,5,-1.2385,-0.78472,-0.91822
160,6,-1.2586,-0.80789,-0.94131
160,7,-1.2586,-0.77557,-0.93273
160,8,-1.1442,-0.83873,-0.92599
161,1,-1.2194,-0.79356,-0.94775
161,10,-1.2975,-0.76077,-0.9643
161,11,-1.2385,-0.79865,-0.95274
161,12,-1.1442,-0.83249,-0.96322
161,2,-1.2586,-0.80303,-0.95758
161,3,-1.2586,-0.72016,-0.96726
161,4,-1.2586,-0.89219,-0.96866
161,5,-1.2385,-0.79849,-0.96146
161,6,-1.2586,-0.81357,-0.95446
161,7,-1.2586,-0.81035,-0.95681
161,8,-1.2194,-0.75104,-0.96023
161,9,-1.1442,-0.84615,-0.95694
162,1,-1.2454,-0.83397,-0.95304
162,10,-1.2454,-0.76625,-0.94914
162,11,-1.2586,-0.77887,-0.93856
162,2,-1.2454,-0.71434,-0.97352
162,3,-1.2454,-0.7927,-0.92885
162,4,-1.2454,-0.71564,-0.95326
162,5,-1.2454,-0.79261,-0.95816
162,6,-1.2021,-0.83136,-0.97532
162,7,-1.2454,-0.81767,-0.94835
162,8,-1.2454,-0.72382,-0.95388
162,9,-1.2454,-0.82076,-0.96505
163,1,-1.125,-0.7354,-0.96288
163,10,-1.1765,-0.77706,-0.9784
163,2,-1.2975,-0.77015,-0.94163
163,3,-1.1765,-0.76914,-0.9718
163,4,-1.1765,-0.79674,-0.95584
163,5,-1.0742,-0.74958,-0.9456
163,6,-1.1765,-0.84049,-0.97277
163,7,-1.1765,-0.84429,-0.96047
163,8,-1.2975,-0.80911,-0.94623
163,9,-1.2975,-0.81827,-0.9527
164,1,-1.2454,-0.77075,-0.94733
164,10,-1.2975,-0.82994,-0.94623
164,2,-1.2975,-0.80352,-0.9522
164,3,-1.2975,-0.84093,-0.95545
164,4,-1.2454,-0.82067,-0.94394
164,5,-1.2975,-0.77701,-0.94521
164,6,-1.2975,-0.78647,-0.92833
164,7,-1.2975,-0.84071,-0.95966
164,8,-1.356,-0.85606,-0.96383
164,9,-1.2975,-0.94079,-0.95399
165,1,-1.2586,-0.71255,-0.98725
165,10,-1.2975,-0.7842,-1.0134
165,11,-1.2975,-0.77836,-0.98613
165,2,-1.28,-0.69491,-1.0115
165,3,-1.2975,-0.80208,-0.98676
165,4,-1.2586,-0.858,-1.0144
165,5,-1.28,-0.72284,-0.99077
165,6,-1.2975,-0.78632,-0.99567
165,7,-1.2975,-0.74743,-1.0037
165,8,-1.3011,-0.8175,-0.99603
165,9,-1.2975,-0.75849,-1.0192
166,1,-1.2196,-0.82564,-0.98469
166,10,-1.2454,-0.76268,-0.95599
166,11,-1.28,-0.78543,-0.96165
166,12,-1.2586,-0.79993,-0.95856
166,13,-1.28,-0.83037,-0.9584
166,14,-1.28,-0.82549,-0.96457
166,2,-1.2586,-0.82466,-0.96521
166,3,-1.2586,-0.72397,-0.96389
166,4,-1.2196,-0.86463,-0.97122
166,5,-1.2196,-0.90817,-0.96073
166,6,-1.2196,-0.87226,-0.93789
166,7,-1.2586,-0.8848,-0.97103
166,8,-1.28,-0.87541,-0.96153
166,9,-1.2586,-0.82986,-0.95932
168,1,-1.2975,-0.74072,-0.94262
168,2,-1.2975,-0.74968,-0.95386
168,3,-1.2454,-0.61441,-0.85591
168,4,-1.2975,-0.73791,-0.93359
168,5,-1.2975,-0.7337,-0.95397
168,6,-1.2975,-0.77053,-0.95153
168,7,-1.2975,-0.78045,-0.94704
168,8,-1.2454,-0.76336,-0.87023
168,9,-1.2975,-0.74964,-0.94501
169,1,-1.2385,-0.79247,-0.95388
169,10,-1.2975,-0.7865,-0.96916
169,11,-1.2975,-0.83255,-0.95792
169,2,-1.2975,-0.79888,-0.95228
169,3,-1.1765,-0.80538,-0.94558
169,4,-1.2975,-0.76805,-0.97101
169,5,-1.2975,-0.79169,-0.95455
169,6,-1.2975,-0.80002,-0.96403
169,7,-1.1765,-0.82648,-0.95728
169,8,-1.1765,-0.79194,-0.96042
169,9,-1.107,-0.76427,-0.93458
170,1,-1.28,-0.79802,-0.97204
170,2,-1.356,-0.79908,-0.98094
170,3,-1.2586,-0.74908,-0.99453
170,4,-1.2975,-0.7901,-0.98493
170,5,-1.2975,-0.77094,-0.99495
170,6,-1.3011,-0.85992,-0.98173
170,7,-1.2586,-0.76581,-0.98856
170,8,-1.1442,-0.87994,-0.99073
171,1,-1.2454,-0.74872,-0.89271
171,2,-1.2454,-0.78012,-0.89353
171,3,-1.158,-0.75702,-0.97904
171,4,-1.1992,-0.75512,-0.90339
171,5,-1.2454,-0.76112,-0.89792
172,1,-1.2975,-0.7325,-1.0155
172,2,-1.2586,-0.68891,-0.99988
172,3,-1.2586,-0.79866,-1.012
172,4,-1.2586,-0.7587,-1.0127
172,5,-1.2586,-0.77124,-1.0069
172,6,-1.2586,-0.71853,-1.0064
172,7,-1.125,-0.75665,-1.0187
172,8,-1.1887,-0.8264,-1.0188
172,9,-1.1887,-0.7886,-1.0188
173,1,-1.2975,-0.76684,-0.87846
173,2,-1.2975,-0.67848,-0.97474
173,3,-1.2975,-0.6983,-0.97946
173,4,-1.2975,-0.72785,-0.96581
173,5,-1.2975,-0.75736,-0.98419
173,6,-1.2975,-0.731,-0.97957
173,7,-1.2975,-0.79043,-0.99157
173,8,-1.2975,-0.72276,-0.90566
174,1,-1.2586,-0.70388,-0.95516
174,2,-1.2586,-0.68746,-0.97263
174,3,-1.2975,-0.79674,-0.95952
174,4,-1.3011,-0.71088,-0.96532
174,5,-1.28,-0.74317,-0.96899
174,6,-1.326,-0.6801,-0.95443
174,7,-1.2975,-0.80256,-0.94791
175,1,-1.2586,-0.7638,-1.0014
175,10,-1.28,-0.74176,-1.009
175,2,-1.28,-0.73839,-1.0182
175,3,-1.28,-0.72856,-0.9983
175,4,-1.2586,-0.81457,-1.0095
175,5,-1.2586,-0.77766,-1.0197
175,6,-1.2194,-0.72662,-0.99267
175,7,-1.28,-0.77895,-1.0163
175,8,-1.28,-0.78829,-1.014
175,9,-1.2586,-0.79944,-1.0186
176,1,-1.2454,-0.77292,-0.94782
176,10,-1.2454,-0.78591,-0.89791
176,11,-1.2975,-0.79668,-0.94777
176,12,-1.2454,-0.83769,-0.9343
176,2,-1.2454,-0.80786,-0.94586
176,3,-1.2454,-0.7528,-0.95561
176,4,-1.2454,-0.79837,-0.94949
176,5,-1.2454,-0.79957,-0.95237
176,6,-1.2975,-0.77804,-0.94222
176,7,-1.2454,-0.78663,-0.95519
176,8,-1.2454,-0.81258,-0.94703
176,9,-1.2454,-0.84754,-0.94455
177,1,-1.2586,-0.85847,-0.95307
177,10,-1.2558,-0.83987,-0.94053
177,11,-1.28,-0.80248,-0.95247
177,12,-1.356,-0.79243,-0.93902
177,2,-1.2586,-0.77226,-0.94871
177,3,-1.2586,-0.74919,-0.95437
177,4,-1.2558,-0.77497,-0.94465
177,5,-1.3011,-0.78921,-0.954
177,6,-1.2586,-0.87033,-0.95894
177,7,-1.2558,-0.83164,-0.96019
177,8,-1.2586,-0.78307,-0.95434
177,9,-1.2558,-0.83272,-0.94767
178,1,-1.2975,-0.79494,-0.94724
178,2,-1.2975,-0.71233,-0.88105
178,3,-1.2385,-0.79302,-0.96671
178,4,-1.2975,-0.82941,-0.93858
178,5,-1.2975,-0.77396,-0.95641
178,6,-1.2975,-0.8605,-0.94776
178,7,-1.2975,-0.81372,-0.95411
178,8,-1.1765,-0.79433,-0.94791
178,9,-1.1765,-0.83134,-0.93398
179,1,-1.2586,-0.7917,-0.95926
179,10,-1.2021,-0.82465,-0.95536
179,11,-1.2196,-0.81027,-0.95045
179,12,-1.1442,-0.75519,-0.94517
179,13,-1.2454,-0.86572,-0.95686
179,2,-1.2975,-0.81669,-0.95443
179,3,-1.2196,-0.75569,-0.95873
179,4,-1.2586,-0.87736,-0.94253
179,5,-1.3011,-0.87157,-0.94111
179,6,-1.2021,-0.8832,-0.96154
179,7,-1.2975,-0.78966,-0.95675
179,8,-1.2385,-0.75635,-0.95127
179,9,-1.2975,-0.80384,-0.95485
17,1,-1.356,-0.74312,-0.96753
17,10,-1.1442,-0.89159,-0.94588
17,2,-1.2586,-0.7356,-0.95067
17,3,-1.3011,-0.74971,-0.94545
17,4,-1.28,-0.81639,-0.95096
17,5,-1.2196,-0.73468,-0.9663
17,6,-1.2586,-0.72397,-0.98369
17,7,-1.28,-0.8759,-0.9434
17,8,-1.125,-0.77305,-0.95012
17,9,-1.3011,-0.85667,-0.95646
180,1,-1.2975,-0.80162,-0.99442
180,10,-1.1765,-0.7806,-1.0192
180,11,-1.2975,-0.80209,-1.0161
180,2,-1.2975,-0.78627,-1.0053
180,3,-1.2975,-0.77294,-1.0184
180,4,-1.2385,-0.72108,-1.0099
180,5,-1.2975,-0.75395,-1.0149
180,6,-1.2975,-0.81077,-0.9951
180,7,-1.2975,-0.8139,-1.0028
180,8,-1.2975,-0.79014,-1.0214
180,9,-1.2975,-0.76816,-1.0021
181,1,-1.2586,-0.78407,-0.95156
181,2,-1.326,-0.81693,-0.9332
181,3,-1.2586,-0.88971,-0.93683
181,4,-1.326,-0.86321,-0.94131
181,5,-1.2975,-0.7837,-0.94119
181,6,-1.2586,-0.90414,-0.94481
181,7,-1.28,-0.95676,-0.92655
181,8,-1.326,-0.82366,-0.95156
181,9,-1.28,-0.90102,-0.93363
182,1,-1.2586,-0.83007,-0.95106
182,10,-1.2454,-1.0445,-0.97165
182,2,-1.2454,-0.86393,-0.96056
182,3,-1.2454,-0.79347,-0.9699
182,4,-1.356,-0.85497,-0.96105
182,5,-1.2975,-0.91244,-0.95952
182,6,-1.2454,-0.95414,-0.9674
182,7,-1.2454,-0.83578,-0.97305
182,8,-1.2454,-0.95445,-0.9671
182,9,-1.2975,-0.81872,-0.95633
183,1,-1.2196,-0.85285,-0.93873
183,2,-1.2196,-0.72743,-0.9439
183,3,-1.2586,-0.8355,-0.96235
183,4,-1.2454,-0.85088,-0.95401
183,5,-1.2586,-0.77919,-0.97129
183,6,-1.2454,-0.79375,-0.95732
183,7,-1.2196,-0.83343,-0.94708
183,8,-1.2586,-0.83806,-0.93988
183,9,-1.2586,-0.81053,-0.94205
184,1,-1.2586,-0.80055,-0.97957
184,10,-1.326,-0.86985,-0.98271
184,11,-1.1765,-0.82229,-0.96351
184,12,-1.1442,-0.82977,-0.97289
184,2,-1.2586,-0.85467,-0.96429
184,3,-1.2975,-0.83964,-0.96614
184,4,-1.2975,-0.82286,-0.96176
184,5,-1.1765,-0.81282,-0.96657
184,6,-1.2975,-0.93358,-0.95597
184,7,-1.1765,-0.78705,-0.97734
184,8,-1.2975,-0.88673,-0.96043
184,9,-1.2975,-0.92513,-0.9718
185,1,-1.2454,-0.72497,-1.0082
185,2,-1.2454,-0.71263,-0.99012
185,3,-1.2021,-0.82949,-0.99866
185,4,-1.2021,-0.79082,-0.99202
185,5,-1.2586,-0.86954,-1.01
185,6,-1.2454,-0.78291,-1.0073
185,7,-1.2454,-0.80409,-0.99852
185,8,-1.2454,-0.8728,-1.0139
186,1,-1.2586,-0.73275,-0.94949
186,2,-1.0901,-0.76501,-0.95342
186,3,-1.2586,-0.82618,-0.94493
186,4,-1.2586,-0.81456,-0.9564
186,5,-1.2586,-0.78032,-0.94635
186,6,-1.2586,-0.85613,-0.94686
186,7,-1.2586,-0.7968,-0.93696
186,8,-1.1765,-0.85123,-0.93728
186,9,-1.2385,-0.75983,-0.95161
187,1,-1.2385,-0.72648,-0.94341
187,2,-1.2385,-0.79846,-0.94698
187,3,-1.2385,-0.74481,-0.95273
187,4,-1.2975,-0.74602,-0.95248
187,5,-1.107,-0.77036,-0.93573
187,6,-1.326,-0.78054,-0.95178
188,1,-1.2586,-0.75546,-0.96871
188,2,-1.2975,-0.70681,-0.88905
188,3,-1.1854,-0.6713,-0.88047
188,4,-1.2385,-0.73276,-0.96467
188,5,-1.2975,-0.74653,-0.95045
188,6,-1.2021,-0.70381,-0.90202
188,7,-1.2385,-0.75188,-0.95638
189,1,-1.2385,-0.81428,-0.91995
189,2,-1.2975,-0.76234,-0.92543
189,3,-1.2975,-0.75915,-0.93525
189,4,-1.2454,-0.79048,-0.93644
189,5,-1.2385,-0.82383,-0.9269
189,6,-1.2975,-0.78245,-0.93584
189,7,-1.125,-0.81042,-0.92226
189,8,-1.2975,-0.8312,-0.93416
189,9,-1.2975,-0.79444,-0.92497
18,1,-1.2454,-0.79455,-0.99703
18,10,-1.2385,-0.79455,-0.99034
18,11,-1.2975,-0.80301,-0.9822
18,12,-1.2385,-0.80439,-0.98969
18,2,-1.2454,-0.69756,-0.9164
18,3,-1.2975,-0.79089,-0.99328
18,4,-1.2194,-0.7952,-0.99412
18,5,-1.2454,-0.76281,-0.9831
18,6,-1.2454,-0.73781,-0.97476
18,7,-1.2454,-0.78226,-0.98997
18,8,-1.2975,-0.76364,-0.98567
18,9,-1.2454,-0.80498,-0.99774
190,1,-1,-0.76728,-0.91832
190,10,-1.0587,-0.78537,-0.94071
190,2,-0.98252,-0.73698,-0.94064
190,3,-1.0169,-0.75165,-0.91246
190,4,-1,-0.7969,-0.93802
190,5,-1.0186,-0.78319,-0.9263
190,6,-1.0587,-0.82771,-0.92597
190,7,-0.97943,-0.75768,-0.93106
190,8,-1.0377,-0.71347,-0.92151
190,9,-1,-0.79446,-0.94971
191,1,-1.2975,-0.75284,-0.90668
191,10,-1.2975,-0.85561,-0.95086
191,2,-1.2975,-0.70473,-0.87278
191,3,-1.158,-0.79391,-0.94977
191,4,-1.2454,-0.9181,-0.94313
191,5,-1.2975,-0.76219,-0.95912
191,6,-1.2975,-0.79661,-0.95347
191,7,-1.2454,-0.84828,-0.95081
191,8,-1.2975,-0.83258,-0.9651
191,9,-1.1765,-0.84342,-0.96935
192,1,-1.2975,-0.74545,-0.96792
193,1,-1.2975,-0.67609,-0.86779
193,2,-1.2454,-0.73337,-0.85654
193,3,-1.2975,-0.72345,-0.86583
193,4,-1.356,-0.78491,-0.95266
193,5,-1.2454,-0.75258,-0.92121
193,6,-1.2975,-0.78261,-0.88557
194,1,-1.2385,-0.77343,-0.9624
194,10,-1.2586,-0.83066,-0.94357
194,11,-1.1442,-0.90222,-0.94802
194,12,-1.2586,-0.81012,-0.94006
194,13,-1.2586,-0.80995,-0.96791
194,2,-1.2385,-0.78877,-0.9385
194,3,-1.125,-0.88705,-0.94955
194,4,-1.2385,-0.81563,-0.9529
194,5,-1.2194,-0.78955,-0.95774
194,6,-1.2586,-0.9311,-0.96014
194,7,-1.2586,-0.79576,-0.94827
194,8,-1.2586,-0.84543,-0.94686
194,9,-1.2586,-0.88351,-0.94706
195,1,-1.2975,-0.73649,-0.96289
195,10,-1.2454,-0.77718,-0.95792
195,11,-1.2454,-0.8149,-0.96811
195,12,-1.2454,-0.87346,-0.96017
195,2,-1.2021,-0.80215,-0.94639
195,3,-1.2454,-0.78142,-0.96819
195,4,-1.356,-0.75403,-0.9698
195,5,-1.2454,-0.86906,-0.96169
195,6,-1.2454,-0.82615,-0.95695
195,7,-1.2975,-0.82392,-0.95881
195,8,-1.3011,-0.85531,-0.94519
195,9,-1.2454,-0.77916,-0.96566
196,1,-1.125,-0.78106,-0.95688
196,2,-1.125,-0.78797,-0.94289
196,3,-1.1442,-0.89171,-0.95092
196,4,-1.326,-0.67859,-0.94287
196,5,-1.2586,-0.90099,-0.94622
196,6,-1.2586,-0.78634,-0.9525
196,7,-1.326,-0.85611,-0.94837
196,8,-1.1442,-0.92754,-0.93938
196,9,-1.28,-0.80326,-0.95948
197,1,-1.2975,-0.78362,-0.97403
197,10,-1.2975,-0.83061,-0.97293
197,11,-1.2975,-0.79378,-0.95844
197,12,-1.2975,-0.80798,-0.97881
197,13,-1.1765,-0.83356,-0.96212
197,2,-1.2975,-0.77867,-0.96366
197,3,-1.2975,-0.81432,-0.96781
197,4,-1.2975,-0.81452,-0.96944
197,5,-1.2975,-0.83243,-0.96072
197,6,-1.2975,-0.79739,-0.9828
197,7,-1.2975,-0.81757,-0.98331
197,8,-1.2975,-0.79491,-0.97439
197,9,-1.2975,-0.80633,-0.97157
198,1,-1.2586,-0.80495,-0.96524
198,10,-1.1765,-0.78666,-0.93567
198,11,-1.1448,-0.79739,-0.94576
198,2,-1.125,-0.81134,-0.93036
198,3,-1.2586,-0.84286,-0.9467
198,4,-1.125,-0.87769,-0.94187
198,5,-1.125,-0.78302,-0.9546
198,6,-1.1442,-0.78337,-0.9472
198,7,-1.125,-0.76868,-0.9451
198,8,-1.2586,-0.83165,-0.93513
198,9,-1.0901,-0.80672,-0.92596
199,1,-1.2385,-0.79246,-1.0447
199,10,-1.326,-0.90024,-1.0266
199,11,-1.2454,-0.73888,-1.0433
199,2,-1.2196,-0.79259,-1.0307
199,3,-1.2196,-0.85085,-1.0405
199,4,-1.2454,-0.74592,-1.0415
199,5,-1.2021,-0.87254,-0.93112
199,6,-1.2454,-0.73514,-1.0451
199,7,-1.2454,-0.73787,-1.0397
199,8,-1.2196,-0.78624,-1.0305
199,9,-1.2454,-0.74795,-1.0279
19,1,-1.2586,-0.8149,-0.95481
19,10,-1.125,-0.7605,-0.9487
19,11,-1.2975,-0.78575,-0.97388
19,2,-1.2975,-0.75989,-0.96301
19,3,-1.2975,-0.66439,-0.88939
19,4,-1.2975,-0.7513,-0.97949
19,5,-1.2385,-0.79148,-0.97238
19,6,-1.2975,-0.73776,-0.95889
19,7,-1.2385,-0.82673,-0.96778
19,8,-1.2385,-0.81678,-0.9608
19,9,-1.2586,-0.8041,-0.96095
1,1,-1.2385,-0.80574,-0.95822
1,10,-1.1442,-0.78188,-0.94663
1,11,-1.2975,-0.77771,-0.94973
1,12,-1.125,-0.75726,-0.94241
1,2,-1.2385,-0.80988,-0.96732
1,3,-1.2385,-0.81393,-0.96121
1,4,-1.2194,-0.7689,-0.95288
1,5,-1.2385,-0.79137,-0.94934
1,6,-1.2975,-0.7271,-0.96577
1,7,-1.2385,-0.84482,-0.95797
1,8,-1.2586,-0.83451,-0.95086
1,9,-1.3011,-0.79091,-0.953
200,1,-1.125,-0.73812,-0.9834
200,2,-1.125,-0.80945,-0.94288
200,3,-1.0742,-0.72954,-0.9353
200,4,-1.125,-0.68527,-0.95079
200,5,-1.1442,-0.67335,-0.95618
200,6,-1.125,-0.77447,-0.93688
200,7,-1.125,-0.703,-0.95398
200,8,-1.0592,-0.75885,-0.96906
200,9,-1.125,-0.80194,-0.98402
201,1,-1.2454,-0.73274,-0.90672
201,2,-1.1992,-0.79656,-0.91692
201,3,-1.2454,-0.80794,-1.0074
201,4,-1.2021,-0.78089,-0.99444
201,5,-1.2454,-0.71682,-0.9849
202,1,-1.2385,-0.74687,-0.9572
202,10,-1.2975,-0.80072,-0.95265
202,11,-1.2975,-0.82667,-0.9465
202,2,-1.107,-0.7693,-0.94913
202,3,-1.2975,-0.78723,-0.94781
202,4,-1.2975,-0.78549,-0.94724
202,5,-1.2975,-0.79763,-0.94989
202,6,-1.2975,-0.86554,-0.93508
202,7,-1.2975,-0.77995,-0.9383
202,8,-1.1765,-0.77339,-0.92768
202,9,-1.2975,-0.84842,-0.94759
203,1,-1,-0.83183,-0.9559
203,10,-1.0186,-0.7549,-0.95769
203,11,-1.084,-0.88467,-0.95722
203,2,-1,-0.81399,-0.96543
203,3,-1,-0.78784,-0.95699
203,4,-1,-0.75597,-0.96995
203,5,-1,-0.77152,-0.96636
203,6,-1.0186,-0.69442,-0.96338
203,7,-1,-0.73737,-0.94741
203,8,-1.0186,-0.80623,-0.95674
203,9,-1.0186,-0.87501,-0.95058
204,1,-1.2385,-0.81859,-0.93018
204,2,-1.2454,-0.82479,-0.92391
204,3,-1.2454,-0.81047,-0.93193
204,4,-1.2385,-0.87352,-0.92939
204,5,-1.2454,-0.79436,-0.93401
204,6,-1.2975,-0.83777,-0.91781
204,7,-1.2454,-0.75674,-0.93077
205,1,-1.326,-0.85436,-1.012
205,2,-1.2975,-0.75476,-1.0125
205,3,-1.2975,-0.82174,-1.0088
205,4,-1.2975,-0.78506,-0.99793
205,5,-1.3011,-0.8936,-1.0033
205,6,-1.1442,-0.70093,-1.0048
205,7,-1.28,-0.86551,-0.99157
205,8,-1.2975,-0.81447,-1.0098
205,9,-1.326,-0.76236,-1.0005
206,1,-1.2021,-0.76886,-0.98011
206,10,-1.2454,-0.75264,-0.98437
206,11,-1.2975,-0.84806,-0.99256
206,2,-1.2454,-0.7946,-0.98528
206,3,-1.2385,-0.79286,-0.98895
206,4,-1.2454,-0.72134,-0.99751
206,5,-1.2454,-0.72445,-0.98538
206,6,-1.2385,-0.85315,-0.97642
206,7,-1.2975,-0.79758,-0.97563
206,8,-1.2454,-0.75296,-0.98061
206,9,-1.2454,-0.67604,-0.92742
207,1,-1.2586,-0.73332,-0.94558
207,2,-1.2385,-0.82365,-0.94192
207,3,-1.2385,-0.65492,-0.96924
207,4,-1.2586,-0.76824,-0.94688
207,5,-1.2454,-0.73567,-0.95874
207,6,-1.2196,-0.7763,-0.94843
207,7,-1.2385,-0.77438,-0.94153
207,8,-1.2454,-0.73972,-0.95387
208,1,-1.2454,-0.77525,-0.95878
208,10,-1.2975,-0.76902,-0.9518
208,2,-1.2454,-0.81475,-0.95439
208,3,-1.2196,-0.84418,-0.95386
208,4,-1.2454,-0.74958,-0.95335
208,5,-1.2586,-0.80334,-0.95304
208,6,-1.2454,-0.73331,-0.94271
208,7,-1.2454,-0.7938,-0.94773
208,8,-1.2975,-0.76876,-0.9588
208,9,-1.2454,-0.75766,-0.9405
209,1,-1.2385,-0.70744,-0.9496
209,2,-1.0901,-0.74,-0.95391
209,3,-1.1765,-0.79237,-0.96517
20,1,-1.2586,-0.77964,-0.91629
20,10,-1.2586,-0.79001,-1.0103
20,11,-1.3011,-0.75124,-1.0098
20,12,-1.2975,-0.72955,-1.0126
20,2,-1.2196,-0.80473,-1.0165
20,3,-1.3011,-0.77955,-1.0289
20,4,-1.2586,-0.80525,-1.019
20,5,-1.2975,-0.75029,-1.0053
20,6,-1.2586,-0.74636,-1.0286
20,7,-1.2586,-0.82899,-1.0198
20,8,-1.2385,-0.76982,-1.0159
20,9,-1.2586,-0.78112,-1.018
210,1,-1.2975,-0.84014,-0.94877
210,10,-1.1765,-0.86289,-0.92686
210,2,-1.2385,-0.96707,-0.92985
210,3,-1.2975,-0.86764,-0.94519
210,4,-1.2385,-0.85739,-0.93259
210,5,-1.2975,-0.77369,-0.92591
210,6,-1.2975,-0.80496,-0.93307
210,7,-1.2586,-0.83165,-0.9471
210,8,-1.2586,-0.85494,-0.95199
210,9,-1.1765,-0.81098,-0.92612
211,1,-1.2975,-0.74883,-0.9565
211,10,-1.1765,-0.74582,-0.95283
211,11,-1.1765,-0.78688,-0.9641
211,12,-1.125,-0.80302,-0.94639
211,13,-1.0901,-0.82975,-0.94744
211,2,-1.2014,-0.77256,-0.96588
211,3,-1.2975,-0.79213,-0.97959
211,4,-1.2975,-0.78634,-0.9584
211,5,-1.2194,-0.76679,-0.9685
211,6,-1.2975,-0.7494,-0.94515
211,7,-1.2975,-0.77089,-0.95314
211,8,-1.2975,-0.76729,-0.94961
211,9,-1.2194,-0.77104,-0.93957
212,1,-1.2385,-0.86573,-0.95271
212,2,-1.2454,-0.72345,-0.93808
212,3,-1.2558,-0.80781,-0.93328
212,4,-1.2586,-0.79797,-0.94418
212,5,-1.2385,-0.82434,-0.92491
212,6,-1.2385,-0.8816,-0.9456
212,7,-1.2975,-0.76548,-0.92447
212,8,-1.326,-0.75324,-0.93367
212,9,-1.1442,-0.76749,-0.92039
213,1,-1.1992,-0.80257,-0.8868
213,2,-1.2454,-0.70881,-0.89162
213,3,-1.2454,-0.78347,-0.94999
213,4,-1.2454,-0.72462,-0.95727
213,5,-1.2454,-0.76031,-0.88671
213,6,-1.2454,-0.73587,-0.87941
213,7,-1.2454,-0.77802,-0.89789
213,8,-1.2454,-0.72468,-0.88212
213,9,-1.2975,-0.75352,-0.97611
214,1,-1.1854,-0.7146,-0.95984
214,2,-1.2021,-0.80041,-0.94578
214,3,-1.2454,-0.57326,-0.86701
214,4,-1.2454,-0.68121,-0.86199
214,5,-1.2021,-0.80479,-0.96218
214,6,-1.2021,-0.78031,-0.96036
214,7,-1.1854,-0.76099,-0.95634
214,8,-1.2385,-0.77401,-0.93434
214,9,-1.1992,-0.76496,-0.94822
215,1,-1.2586,-0.72748,-0.95381
215,10,-1.28,-0.77579,-0.95627
215,11,-1.2385,-0.78949,-0.94304
215,2,-1.2385,-0.8323,-0.97072
215,3,-1.2975,-0.77717,-0.96239
215,4,-1.2385,-0.82217,-0.95483
215,5,-1.2586,-0.72205,-0.95426
215,6,-1.28,-0.76496,-0.95679
215,7,-1.2586,-0.79019,-0.97142
215,8,-1.1442,-0.8543,-0.95526
215,9,-1.3011,-0.67059,-0.94988
216,1,-1.2975,-0.76168,-0.96764
216,10,-1.166,-0.73107,-0.97292
216,2,-1.2975,-0.85711,-0.95293
216,3,-1.2975,-0.7516,-0.97319
216,4,-1.2385,-0.80883,-0.95712
216,5,-1.2975,-0.77461,-0.98434
216,6,-1.2975,-0.7728,-0.95345
216,7,-1.356,-0.87378,-0.96455
216,8,-1.2975,-0.83433,-0.96841
216,9,-1.2975,-0.78553,-0.97574
217,1,-1.2454,-0.77521,-0.95946
217,2,-1.2454,-0.75949,-0.96671
217,3,-1.2454,-0.78648,-0.94569
217,4,-1.2586,-0.82364,-0.96157
217,5,-1.2454,-0.80507,-0.95043
217,6,-1.2975,-0.7795,-0.97311
217,7,-1.2454,-0.78808,-0.95152
217,8,-1.2586,-0.79083,-0.97536
218,1,-1.2454,-0.79288,-0.95665
218,10,-1.2586,-0.80456,-0.94024
218,11,-1.2975,-0.85725,-0.95634
218,2,-1.2454,-0.802,-0.95237
218,3,-1.2454,-0.81453,-0.96448
218,4,-1.2454,-0.77184,-0.95973
218,5,-1.2454,-0.72642,-0.8937
218,6,-1.2196,-0.79747,-0.96151
218,7,-1.2454,-0.76321,-0.97208
218,8,-1.2454,-0.8414,-0.96063
218,9,-1.2454,-0.77117,-0.9553
219,1,-1.2586,-0.75955,-0.99041
219,10,-1.2385,-0.74153,-0.96537
219,11,-1.2586,-0.75647,-0.91472
219,12,-1.1442,-0.79454,-0.99187
219,2,-1.2194,-0.78276,-0.91219
219,3,-1.107,-0.72967,-1
219,4,-1.2586,-0.7737,-0.97882
219,5,-1.1442,-0.78005,-0.97673
219,6,-1.125,-0.79173,-1.0068
219,7,-1.125,-0.79611,-0.98378
219,8,-1.2586,-0.76352,-0.98664
219,9,-1.107,-0.72192,-0.98708
21,1,-1.2454,-0.6644,-0.88522
21,2,-1.2975,-0.74264,-0.90259
220,1,-1.125,-0.74592,-0.99241
220,10,-1.2975,-0.78495,-1.0086
220,2,-1.2454,-0.70306,-0.98764
220,3,-1.2196,-0.75004,-0.9852
220,4,-1.2021,-0.78355,-0.9918
220,5,-1.2454,-0.72222,-1.0016
220,6,-1.2454,-0.66723,-0.893
220,7,-1.2454,-0.75214,-1.0095
220,8,-1.1854,-0.71631,-1.0017
220,9,-1.2454,-0.8041,-0.89799
221,1,-1.2586,-0.61891,-0.96842
221,2,-1.3011,-0.76738,-0.97799
221,3,-1.2586,-0.81717,-0.97517
221,4,-1.2586,-0.71608,-0.9769
221,5,-1.2586,-0.77206,-0.97168
221,6,-1.1442,-0.86374,-0.97211
222,1,-1.2586,-0.87789,-1.0027
222,2,-1.2385,-0.91072,-1.0037
222,3,-1.2385,-0.71831,-1.0177
222,4,-1.2586,-0.80419,-1.0241
222,5,-1.2586,-0.8163,-1.0164
222,6,-1.1442,-0.76874,-1.0158
223,1,-1.2454,-0.71949,-0.95769
223,2,-1.2586,-0.74437,-0.94573
223,3,-1.2454,-0.70627,-0.97074
223,4,-1.2454,-0.73041,-0.96212
223,5,-1.2454,-0.80157,-0.88993
223,6,-1.2454,-0.75422,-0.95736
224,1,-1.2975,-0.6988,-0.89246
224,2,-1.2975,-0.74322,-0.98218
224,3,-1.2975,-0.63737,-0.89068
224,4,-1.2975,-0.76641,-0.97478
224,5,-1.2975,-0.74565,-0.96697
225,1,-1.2975,-0.7849,-0.9034
225,2,-1.2975,-0.71678,-0.94462
225,3,-1.2975,-0.76014,-0.95411
225,4,-1.2975,-0.72729,-0.93757
225,5,-1.356,-0.80359,-0.94589
225,6,-1.28,-0.79089,-0.95129
225,7,-1.2975,-0.81171,-0.93963
225,8,-1.2975,-0.83639,-0.95204
226,1,-1.2975,-0.71935,-0.98248
226,10,-1.1765,-0.81065,-0.98654
226,11,-1.1765,-0.7997,-0.98133
226,2,-1.2975,-0.70597,-0.99393
226,3,-1.2975,-0.78874,-0.97761
226,4,-1.1765,-0.80539,-0.98876
226,5,-1.2975,-0.78176,-0.98802
226,6,-1.2975,-0.7435,-0.98003
226,7,-1.2975,-0.74719,-0.98341
226,8,-1.2975,-0.71649,-0.98403
226,9,-1.2975,-0.78386,-0.98484
227,1,-1.2975,-0.77325,-0.98204
227,10,-1.2975,-0.75475,-0.97623
227,11,-1.356,-0.74714,-0.98467
227,12,-1.1765,-0.80244,-0.97633
227,2,-1.2975,-0.72359,-0.97744
227,3,-1.2975,-0.76719,-0.95817
227,4,-1.2975,-0.71697,-0.98787
227,5,-1.2586,-0.82801,-0.97457
227,6,-1.356,-0.76627,-0.97713
227,7,-1.1992,-0.7751,-0.96881
227,8,-1.356,-0.7762,-0.9821
227,9,-1.2975,-0.7822,-0.97915
228,1,-1.2385,-0.77361,-0.96112
228,10,-1.107,-0.80848,-0.9634
228,11,-1.2975,-0.77449,-0.96481
228,12,-1.28,-0.86412,-0.96801
228,13,-1.2975,-0.84553,-0.95069
228,14,-1.2975,-0.79427,-0.97271
228,15,-1.2975,-0.88173,-0.9784
228,2,-1.2975,-0.80712,-0.94966
228,3,-1.1765,-0.77644,-0.96201
228,4,-1.2975,-0.77247,-0.9941
228,5,-1.125,-0.89339,-0.94999
228,6,-1.2586,-0.79083,-0.96013
228,7,-1.2975,-0.78158,-0.97387
228,8,-1.1765,-0.7571,-0.96412
228,9,-1.2385,-0.84322,-0.96601
229,1,-1.2385,-0.83117,-0.9628
229,10,-1.2385,-0.86377,-0.94381
229,11,-1.2975,-0.76844,-0.95438
229,12,-1.125,-0.83384,-0.95621
229,2,-1.2385,-0.81346,-0.9481
229,3,-1.125,-0.79549,-0.95259
229,4,-1.2385,-0.87343,-0.95509
229,5,-1.2586,-0.80249,-0.9527
229,6,-1.2586,-0.79522,-0.95005
229,7,-1.2385,-0.8547,-0.95786
229,8,-1.2385,-0.914,-0.94777
229,9,-1.2586,-0.74392,-0.95905
22,1,-1.2385,-0.78031,-0.95219
22,10,-1.326,-0.82865,-0.95816
22,2,-1.2586,-0.77416,-0.95125
22,3,-1.2586,-0.65658,-0.94905
22,4,-1.2385,-0.82823,-0.94148
22,5,-1.28,-0.84731,-0.95022
22,6,-1.2586,-0.82993,-0.95225
22,7,-1.2586,-0.74891,-0.95319
22,8,-1.2194,-0.82018,-0.94938
22,9,-1.2586,-0.83416,-0.9484
230,1,-1.2975,-0.8363,-0.98824
230,10,-1.1765,-0.75975,-0.98105
230,11,-1.2975,-0.81172,-0.96268
230,12,-1.2975,-0.84184,-0.97635
230,13,-1.125,-0.77366,-0.98174
230,14,-1.1765,-0.83452,-0.95815
230,2,-1.2975,-0.71223,-0.97665
230,3,-1.2975,-0.75487,-0.97114
230,4,-1.1765,-0.74775,-1.0005
230,5,-1.2385,-0.78551,-0.97556
230,6,-1.2975,-0.7504,-0.98561
230,7,-1.1765,-0.81648,-0.99435
230,8,-1.2975,-0.7981,-0.97959
230,9,-1.2586,-0.81647,-0.96891
231,1,-1.2586,-0.77487,-0.92763
231,2,-1.2586,-0.85551,-0.95426
231,3,-1.0901,-0.75134,-0.93927
231,4,-1.2975,-0.72689,-0.94966
231,5,-1.2975,-0.7708,-0.93654
231,6,-1.2586,-0.78034,-0.93626
231,7,-1.2975,-0.72491,-0.9546
231,8,-1.2586,-0.78134,-0.94475
232,1,-1.2454,-0.77158,-0.93335
232,2,-1.2454,-0.75639,-0.93161
232,3,-1.2454,-0.75011,-0.9321
232,4,-1.2454,-0.73968,-0.926
232,5,-1.2454,-0.74106,-0.93713
232,6,-1.1992,-0.79153,-0.93834
232,7,-1.2454,-0.80664,-0.92257
232,8,-1.2454,-0.76955,-0.93125
232,9,-1.2975,-0.84222,-0.92454
233,1,-1.2975,-0.81954,-0.94165
233,10,-1.2975,-0.75579,-0.92763
233,2,-1.2975,-0.84081,-0.93386
233,3,-1.2975,-0.76447,-0.94345
233,4,-1.2975,-0.77275,-0.94486
233,5,-1.2975,-0.74495,-0.93083
233,6,-1.2975,-0.87702,-0.94037
233,7,-1.2586,-0.83863,-0.93668
233,8,-1.2385,-0.88848,-0.92914
233,9,-1.0901,-0.80959,-0.93614
234,1,-1.2385,-0.91192,-0.95975
234,10,-1.2586,-0.88476,-0.93447
234,11,-1.125,-0.93873,-0.96957
234,2,-1.2586,-0.85613,-0.9819
234,3,-1.2586,-0.83056,-0.97177
234,4,-1.2385,-0.85709,-0.96891
234,5,-1.2014,-0.80009,-0.951
234,6,-1.2975,-0.71811,-0.95092
234,7,-1.2385,-0.86624,-0.96181
234,8,-1.0742,-0.83603,-0.96421
234,9,-1.2586,-0.81828,-0.96502
235,1,-1.2586,-0.78993,-0.96332
235,10,-1.1442,-0.77799,-0.98173
235,2,-1.28,-0.82917,-0.96948
235,3,-1.2586,-0.73174,-0.95403
235,4,-1.2385,-0.82953,-0.96136
235,5,-1.125,-0.82275,-0.96636
235,6,-1.2586,-0.7949,-0.97976
235,7,-1.28,-0.82281,-0.95831
235,8,-1.2586,-0.7931,-0.95221
235,9,-1.2586,-0.74465,-0.96715
236,1,-1.2196,-0.80007,-0.9915
236,10,-1.2454,-0.87575,-0.97955
236,2,-1.2021,-0.76375,-0.91221
236,3,-1.2196,-0.81782,-0.96794
236,4,-1.2196,-0.80912,-0.97205
236,5,-1.2454,-0.77906,-0.96098
236,6,-1.2454,-0.79488,-0.96694
236,7,-1.2194,-0.79617,-0.94689
236,8,-1.2975,-0.76404,-0.97319
236,9,-1.28,-0.82083,-0.96335
237,1,-1.2975,-0.79485,-0.97861
237,2,-1.2975,-0.80505,-0.98205
237,3,-1.2196,-0.81151,-0.98878
237,4,-1.356,-0.85146,-0.97757
237,5,-1.2586,-0.83717,-0.97771
238,1,-1.2454,-0.7775,-0.96518
238,10,-1.2975,-0.78541,-0.97104
238,11,-1.2975,-0.79931,-0.94787
238,12,-1.2454,-0.85968,-0.95454
238,2,-1.2975,-0.75663,-0.96599
238,3,-1.2454,-0.9163,-0.96712
238,4,-1.2975,-0.84328,-0.96539
238,5,-1.2586,-0.84994,-0.96303
238,6,-1.2454,-0.77239,-0.96923
238,7,-1.2454,-0.75193,-0.97063
238,8,-1.2975,-0.77505,-0.96535
238,9,-1.2454,-0.81187,-0.95936
239,1,-1.2021,-0.79456,-0.96952
239,10,-1.2586,-0.84048,-0.95075
239,11,-1.2454,-0.80122,-0.9374
239,2,-1.2196,-0.82521,-0.96804
239,3,-1.2454,-0.74023,-0.96015
239,4,-1.2454,-0.73685,-0.946
239,5,-1.2454,-0.79221,-0.97037
239,6,-1.2454,-0.74134,-0.95672
239,7,-1.2454,-0.74626,-0.95356
239,8,-1.2454,-0.79753,-0.95609
239,9,-1.2975,-0.76849,-0.95264
23,1,-1.125,-0.72876,-0.9799
23,2,-1.125,-0.70934,-0.98916
23,3,-1.2586,-0.69824,-0.98354
23,4,-1.2586,-0.83118,-0.96697
23,5,-1.2586,-0.80219,-0.96868
23,6,-1.1442,-0.73337,-0.97691
23,7,-1.28,-0.78337,-0.97123
23,8,-1.125,-0.83376,-0.96855
23,9,-1.125,-0.73395,-0.98581
240,1,-1.2975,-0.70763,-0.94292
240,2,-1.2194,-0.7561,-0.94177
241,1,-1.2586,-0.73743,-0.9939
241,10,-1.125,-0.83448,-0.99707
241,2,-1.2586,-0.72379,-0.99806
241,3,-1.2586,-0.80551,-1.0034
241,4,-1.2385,-0.80512,-0.99134
241,5,-1.2586,-0.76917,-1.0047
241,6,-1.2586,-0.83327,-1.0145
241,7,-1.2586,-0.76609,-1.0069
241,8,-1.28,-0.7929,-0.99401
241,9,-1.125,-0.82464,-1.0018
242,1,-1.2454,-0.79858,-0.9915
242,10,-1.2454,-0.75896,-0.97703
242,11,-1.1765,-0.78529,-0.98566
242,2,-1.2454,-0.71382,-0.9896
242,3,-1.2454,-0.77598,-0.90401
242,4,-1.2454,-0.79259,-0.99336
242,5,-1.2021,-0.83193,-0.98659
242,6,-1.1765,-0.75341,-1.0017
242,7,-1.1854,-0.78222,-0.99161
242,8,-1.2454,-0.80007,-0.99615
242,9,-1.2454,-0.81924,-0.91719
243,1,-1.125,-0.76009,-0.9497
243,10,-1.107,-0.70385,-0.9664
243,2,-1.2975,-0.81822,-0.95776
243,3,-1.125,-0.78517,-0.98365
243,4,-1.0901,-0.74129,-0.95257
243,5,-1.125,-0.64809,-0.95473
243,6,-1.125,-0.75381,-0.9584
243,7,-1.125,-0.78161,-0.95121
243,8,-1.2975,-0.85528,-0.94393
243,9,-1.3025,-0.71781,-0.9603
245,1,-1.2454,-0.737,-0.90698
245,2,-1.2454,-0.72993,-0.9
245,3,-1.2975,-0.87051,-0.89679
245,4,-1.2454,-0.75488,-0.97423
245,5,-1.2975,-0.81658,-0.98419
245,6,-1.2454,-0.71168,-0.89443
245,7,-1.2975,-0.68425,-0.96013
245,8,-1.2975,-0.8061,-0.91862
246,1,-1.2586,-0.75401,-0.98016
246,10,-1.2586,-0.81086,-0.96606
246,11,-1.2586,-0.70086,-0.97788
246,2,-1.2021,-0.80508,-0.97177
246,3,-1.2196,-0.80781,-0.9806
246,4,-1.2454,-0.76779,-0.9708
246,5,-1.158,-0.66152,-0.89734
246,6,-1.2454,-0.73352,-0.97695
246,7,-1.2021,-0.76758,-0.9738
246,8,-1.2385,-0.73432,-0.97417
246,9,-1.2385,-0.8423,-0.96087
247,1,-1.2454,-0.75266,-0.92072
247,2,-1.158,-0.76911,-0.90786
247,3,-1.2454,-0.73118,-0.91018
247,4,-1.1854,-0.81807,-0.90734
247,5,-1.2975,-0.73595,-0.9872
247,6,-1.2454,-0.7616,-0.92702
248,1,-1.2454,-0.70329,-0.93607
248,2,-1.1854,-0.77086,-0.93609
248,3,-1.158,-0.63114,-0.85855
248,4,-1.2975,-0.76178,-0.9428
249,1,-1.2454,-0.72916,-1.0251
249,10,-1.2454,-0.75004,-1.0186
249,11,-1.2385,-0.81731,-1.0093
249,2,-1.2975,-0.76582,-1.001
249,3,-1.2586,-0.85392,-1.0148
249,4,-1.2385,-0.84651,-1.0213
249,5,-1.2586,-0.86928,-1.039
249,6,-1.2586,-0.90088,-1.0186
249,7,-1.2586,-0.77907,-1.0177
249,8,-1.2975,-0.77867,-1.0232
249,9,-1.2586,-0.8518,-0.99739
24,1,-1.2196,-0.62647,-1.0228
24,2,-1.2196,-0.73164,-1.0355
24,3,-1.2021,-0.72431,-1.0244
24,4,-1.2196,-0.69389,-1.0287
24,5,-1.2454,-0.71992,-1.0207
24,6,-1.2196,-0.74558,-1.0219
24,7,-1.2021,-0.70999,-0.91858
24,8,-1.1854,-0.70669,-0.99853
24,9,-1.125,-0.72022,-1.0162
250,1,-1.2385,-0.75402,-0.9586
250,10,-1.1854,-0.77442,-0.96852
250,11,-1.125,-0.79745,-0.95573
250,2,-1.2021,-0.76008,-0.95713
250,3,-1.2385,-0.7655,-0.9583
250,4,-1.2385,-0.8091,-0.95124
250,5,-1.2586,-0.8477,-0.9579
250,6,-1.2385,-0.7989,-0.97758
250,7,-1.2021,-0.7839,-0.96923
250,8,-1.2385,-0.81232,-0.97704
250,9,-1.2194,-0.74211,-0.98037
251,1,-1.2975,-0.79445,-0.97668
251,10,-1.2975,-0.81146,-0.96589
251,11,-1.1765,-0.83039,-0.99138
251,12,-1.2586,-0.88678,-0.97149
251,13,-1.2975,-0.77256,-0.99279
251,14,-1.2586,-0.81527,-0.97409
251,2,-1.1765,-0.75292,-0.98366
251,3,-1.2586,-0.81776,-0.97675
251,4,-1.2586,-0.89192,-0.96967
251,5,-1.2975,-0.81516,-0.96689
251,6,-1.2586,-0.81874,-0.98654
251,7,-1.28,-0.73415,-0.9995
251,8,-1.2385,-0.71853,-0.98615
251,9,-1.107,-0.83699,-0.98812
252,1,-1.28,-0.91593,-0.97743
252,2,-1.28,-0.85057,-0.98433
252,3,-1.1765,-0.77402,-0.95633
253,1,-1.2385,-0.75829,-0.98699
253,10,-1.2975,-0.73252,-0.97492
253,11,-1.2975,-0.74733,-0.97107
253,12,-1.2975,-0.73396,-0.98558
253,2,-1.1843,-0.68915,-0.9811
253,3,-1.2385,-0.65723,-0.88678
253,4,-1.2014,-0.69938,-0.97256
253,5,-1.2586,-0.73506,-0.98034
253,6,-1.2975,-0.76473,-0.97439
253,7,-1.2385,-0.74201,-0.98855
253,8,-1.2454,-0.711,-0.97206
253,9,-1.2975,-0.74947,-0.9673
254,1,-1.2586,-0.80177,-0.94273
254,2,-1.2586,-0.76639,-0.94928
254,3,-1.2586,-0.82197,-0.94829
254,4,-1.2586,-0.82578,-0.95082
254,5,-1.2385,-0.80439,-0.96589
254,6,-1.2586,-0.84776,-0.94978
254,7,-1.2385,-0.80443,-0.94771
254,8,-1.2385,-0.79204,-0.95199
255,1,-1.2975,-0.74086,-0.98113
255,10,-1.2975,-0.73691,-0.96189
255,11,-1.2975,-0.7378,-0.96241
255,12,-1.2975,-0.75645,-0.97719
255,2,-1.2975,-0.75016,-0.96473
255,3,-1.2975,-0.77482,-0.96542
255,4,-1.2975,-0.73559,-0.97954
255,5,-1.2975,-0.75615,-0.97473
255,6,-1.2975,-0.73797,-0.97365
255,7,-1.2385,-0.79591,-0.97664
255,8,-1.2014,-0.72194,-0.96969
255,9,-1.2975,-0.7841,-0.96715
256,1,-1.2586,-0.77859,-0.94516
256,10,-1.125,-0.78186,-0.95084
256,11,-1.2586,-0.81039,-0.98401
256,12,-1.125,-0.71258,-0.97424
256,2,-1.125,-0.75612,-0.96119
256,3,-1.2586,-0.66221,-0.98049
256,4,-1.2586,-0.80004,-0.9703
256,5,-1.28,-0.77859,-0.95597
256,6,-1.125,-0.79377,-0.95822
256,7,-1.2586,-0.80652,-0.95092
256,8,-1.2385,-0.82583,-0.96661
256,9,-1.1442,-0.70106,-0.95649
257,1,-1.2586,-0.80831,-0.94716
257,10,-1.2586,-0.83457,-0.94453
257,11,-1.1647,-0.66528,-0.94464
257,12,-1.1442,-0.84542,-0.95577
257,2,-1.1442,-0.61402,-0.96391
257,3,-1.125,-0.78629,-0.93947
257,4,-1.125,-0.8264,-0.9438
257,5,-1.125,-0.80169,-0.94883
257,6,-1.125,-0.76645,-0.94576
257,7,-1.2586,-0.83083,-0.9416
257,8,-1.125,-0.63258,-0.96006
257,9,-1.1647,-0.70181,-0.94179
258,1,-1.2454,-0.76017,-1.0227
258,2,-1.2454,-0.768,-1.0371
258,3,-1.2021,-0.76983,-1.0189
258,4,-1.2586,-0.79812,-1.032
258,5,-1.2021,-0.74677,-1.0201
258,6,-1.2385,-0.78345,-1.0299
258,7,-1.326,-0.72717,-1.025
258,8,-1.2975,-0.78591,-1.0141
259,1,-1.2975,-0.82281,-1.0199
259,10,-1.1765,-0.8373,-1.0139
259,11,-1.2586,-0.75193,-1.0051
259,12,-1.2975,-0.8505,-1.0221
259,2,-1.2975,-0.85588,-1.0165
259,3,-1.2975,-0.80147,-1.0156
259,4,-1.2586,-0.77696,-1.0069
259,5,-1.2975,-0.77986,-1.0136
259,6,-1.2586,-0.80775,-1.0103
259,7,-1.2975,-0.84113,-1.0142
259,8,-1.2586,-0.82159,-1.0062
259,9,-1.3011,-0.73581,-1.0188
25,1,-1.2975,-0.72706,-0.97135
25,2,-1.2586,-0.86429,-0.96391
25,3,-1.2586,-0.78007,-0.96348
260,1,-1.2385,-0.80671,-0.95773
260,2,-1.2385,-0.80241,-0.95575
260,3,-1.2975,-0.64212,-0.8768
260,4,-1.2021,-0.81954,-0.96147
260,5,-1.1854,-0.79512,-0.96348
260,6,-1.2385,-0.78687,-0.94028
260,7,-1.2586,-0.80021,-0.94955
260,8,-1.2586,-0.82086,-0.95723
261,1,-1.2586,-0.73177,-0.95715
261,10,-1.28,-0.7735,-0.96003
261,11,-1.1887,-0.87318,-0.93889
261,2,-1.2586,-0.76247,-0.95989
261,3,-1.28,-0.7844,-0.94873
261,4,-1.2586,-0.74702,-0.95896
261,5,-1.28,-0.80197,-0.97723
261,6,-1.28,-0.78808,-0.96909
261,7,-1.1442,-0.84277,-0.97803
261,8,-1.1442,-0.78337,-0.94199
261,9,-1.3011,-0.81525,-0.95423
262,1,-1.2385,-0.80935,-0.97228
262,10,-1.356,-0.87464,-0.96534
262,11,-1.1442,-0.9132,-0.97402
262,2,-1.2975,-0.75857,-0.95954
262,3,-1.1765,-0.83459,-0.95978
262,4,-1.2975,-0.81836,-0.94922
262,5,-1.326,-0.78248,-0.96757
262,6,-1.1765,-0.79111,-0.97568
262,7,-1.28,-0.80295,-0.9595
262,8,-1.1765,-0.91925,-0.94388
262,9,-1.241,-0.81981,-0.9866
263,1,-1.1765,-0.82225,-0.95122
263,10,-1.1647,-0.85733,-0.95962
263,11,-1.1442,-0.80079,-0.95551
263,12,-1.2385,-0.86194,-0.95849
263,2,-1.1765,-0.77881,-0.9605
263,3,-1.2385,-0.74357,-0.95109
263,4,-1.1442,-0.85008,-0.94865
263,5,-1.1765,-0.82996,-0.9617
263,6,-1.1765,-0.76524,-0.94761
263,7,-1.125,-0.8248,-0.95213
263,8,-1.1765,-0.76611,-0.9605
263,9,-1.1765,-0.80552,-0.9594
264,1,-1.2975,-0.71036,-0.93804
264,2,-1.2014,-0.73989,-0.94327
264,3,-1.1765,-0.7625,-0.92498
265,1,-1.1765,-0.84212,-0.95699
265,2,-1.125,-0.73462,-0.95257
265,3,-1.326,-0.81452,-0.94881
265,4,-1.1765,-0.83309,-0.9547
266,1,-1.2586,-0.76797,-0.95994
266,10,-1.1442,-0.73222,-0.95126
266,11,-1.2586,-0.82501,-0.96964
266,12,-1.2586,-0.81221,-0.97117
266,2,-1.2586,-0.8146,-0.96235
266,3,-1.2586,-0.69324,-0.96604
266,4,-1.107,-0.72225,-0.96717
266,5,-1.2586,-0.81715,-0.94996
266,6,-1.125,-0.74922,-0.9558
266,7,-1.2586,-0.70656,-0.97191
266,8,-1.125,-0.82378,-0.94355
266,9,-1.125,-0.77719,-0.96888
267,1,-1.2454,-0.82047,-0.95992
267,10,-1.2975,-0.83473,-0.96479
267,11,-1.2454,-0.82076,-0.949
267,2,-1.2385,-0.80924,-0.97645
267,3,-1.2454,-0.76731,-0.97842
267,4,-1.2454,-0.78195,-0.9636
267,5,-1.2454,-0.78041,-0.96175
267,6,-1.1854,-0.71996,-0.98153
267,7,-1.2454,-0.84799,-0.96397
267,8,-1.356,-0.75875,-0.97973
267,9,-1.2454,-0.79956,-0.97642
268,1,-1.2196,-0.72252,-1.0349
268,2,-1.28,-0.75589,-1.0239
268,3,-1.2454,-0.65671,-0.91755
268,4,-1.2194,-0.74769,-1.0177
268,5,-1.2586,-0.79318,-1.0034
268,6,-1.3011,-0.82394,-1.0134
269,1,-1.2586,-0.7347,-0.95331
269,10,-1.1442,-0.70495,-0.9364
269,2,-1.2586,-0.74911,-0.95122
269,3,-1.125,-0.79404,-0.93678
269,4,-1.2586,-0.81799,-0.94501
269,5,-1.2385,-0.78749,-0.93946
269,6,-1.2975,-0.78423,-0.93189
269,7,-1.2385,-0.77956,-0.95029
269,8,-1.2385,-0.76052,-0.92428
269,9,-1.2975,-0.83356,-0.94232
26,1,-1.2975,-0.74946,-0.92042
26,2,-1.2975,-0.73075,-0.92816
270,1,-1.2385,-0.76223,-0.9583
270,2,-1.2385,-0.71874,-0.96461
270,3,-1.2586,-0.77044,-0.96611
270,4,-1.2975,-0.82191,-0.97186
270,5,-1.2586,-0.72348,-0.95356
270,6,-1.2586,-0.72102,-0.96486
270,7,-1.28,-0.71882,-0.9622
270,8,-1.2385,-0.73466,-0.96693
271,1,-1.2454,-0.76412,-0.95708
271,10,-1.2194,-0.75325,-0.98658
271,2,-1.2385,-0.73327,-0.95394
271,3,-1.2014,-0.76165,-0.97022
271,4,-1.2586,-0.78916,-0.98452
271,5,-1.2454,-0.73121,-0.9765
271,6,-1.2454,-0.7457,-0.98017
271,7,-1.2196,-0.75418,-0.99101
271,8,-1.2196,-0.72767,-0.97024
271,9,-1.2021,-0.79396,-0.99216
272,1,-1.2975,-0.7647,-1.0023
272,2,-1.2586,-0.78551,-0.97232
272,3,-1.1765,-0.8267,-0.98396
272,4,-1.356,-0.77987,-0.98998
272,5,-1.1765,-0.76756,-0.97819
273,1,-1.2454,-0.74038,-0.96201
273,2,-1.2454,-0.74476,-0.9788
273,3,-1.2454,-0.81656,-0.96083
273,4,-1.2975,-0.81248,-0.97345
273,5,-1.2454,-0.81412,-0.97784
273,6,-1.2975,-0.84515,-0.97304
273,7,-1.2454,-0.79357,-0.96669
273,8,-1.2975,-0.76664,-0.97311
274,1,-1.2385,-0.8443,-0.94117
274,2,-1.2385,-0.89406,-0.95398
274,3,-1.2586,-0.89311,-0.95718
274,4,-1.2385,-0.88268,-0.94697
274,5,-1.2975,-0.79438,-0.94529
274,6,-1.2385,-0.83733,-0.9533
274,7,-1.2385,-0.82927,-0.94995
274,8,-1.2385,-0.84379,-0.95231
274,9,-1.2385,-0.94588,-0.94885
275,1,-1.1854,-0.75069,-0.97885
275,10,-1.2586,-0.79484,-0.97364
275,11,-1.2454,-0.73226,-0.97861
275,2,-1.2454,-0.75108,-0.9698
275,3,-1.2454,-0.80986,-0.9877
275,4,-1.2975,-0.75465,-0.97602
275,5,-1.2196,-0.77366,-0.9722
275,6,-1.2454,-0.77193,-0.99319
275,7,-1.3011,-0.78396,-0.98076
275,8,-1.2196,-0.78823,-0.97215
275,9,-1.2586,-0.76724,-0.97371
276,1,-1.2975,-0.63587,-0.88014
276,10,-1.2586,-0.79274,-0.97746
276,11,-1.1765,-0.78136,-0.98512
276,2,-1.2975,-0.69364,-0.97809
276,3,-1.2014,-0.76909,-0.89754
276,4,-1.2194,-0.76652,-0.99692
276,5,-1.1765,-0.76363,-0.9836
276,6,-1.0742,-0.74513,-0.97749
276,7,-1.2975,-0.73405,-0.97272
276,8,-1.0742,-0.78858,-0.97881
276,9,-1.2014,-0.76713,-0.98283
277,1,-1.2454,-0.6973,-0.93395
277,10,-1.2975,-0.81063,-1.0364
277,2,-1.2196,-0.82038,-1.0342
277,3,-1.2454,-0.73373,-1.0414
277,4,-1.2586,-0.72436,-1.0435
277,5,-1.2454,-0.73665,-1.0475
277,6,-1.2385,-0.77985,-1.0335
277,7,-1.2586,-0.81151,-1.0452
277,8,-1.28,-0.8097,-1.0435
277,9,-1.107,-0.77363,-1.0355
278,1,-1.2975,-0.83815,-0.98448
278,2,-1.356,-0.75857,-0.99509
278,3,-1.2975,-0.76583,-0.98949
278,4,-1.2975,-0.80921,-0.99995
278,5,-1.1765,-0.80715,-0.99138
278,6,-1.1765,-0.81394,-0.99823
278,7,-1.2975,-0.77108,-1.0016
278,8,-1.107,-0.74211,-0.99662
279,1,-1.2586,-0.79834,-0.96262
279,10,-1.2975,-0.88805,-0.95647
279,2,-1.2975,-0.75136,-0.97011
279,3,-1.2385,-0.78791,-0.98259
279,4,-1.2385,-0.8282,-0.96403
279,5,-1.2586,-0.79489,-0.95731
279,6,-1.2975,-0.8407,-0.95912
279,7,-1.2975,-0.83768,-0.97157
279,8,-1.2586,-0.7993,-0.97055
279,9,-1.2385,-0.80601,-0.96509
27,1,-1.326,-0.72117,-0.94658
27,2,-1.356,-0.86271,-0.9191
27,3,-1.2975,-0.81535,-0.93262
27,4,-1.2586,-0.72967,-0.93465
27,5,-1.2975,-0.88246,-0.95118
280,1,-1.125,-0.83324,-0.96271
280,10,-1.125,-0.8645,-0.97754
280,11,-1.125,-0.83699,-0.9611
280,12,-1.1887,-0.85386,-0.96048
280,13,-1.125,-0.85965,-0.95843
280,2,-1.2975,-0.68919,-0.87144
280,3,-1.125,-0.80277,-0.95182
280,4,-1.107,-0.77546,-0.97421
280,5,-1.1442,-0.84402,-0.97307
280,6,-1.107,-0.90847,-0.96288
280,7,-1.0901,-0.8468,-0.95534
280,8,-1.125,-0.87117,-0.95793
280,9,-1.125,-0.79698,-0.95458
282,1,-1.2586,-0.68767,-0.93379
282,10,-1.1647,-0.83841,-1.0393
282,11,-1.1765,-0.74148,-1.0465
282,12,-1.1887,-0.7703,-1.0374
282,2,-1.2975,-0.75154,-1.0493
282,3,-1.125,-0.73299,-1.0561
282,4,-1.125,-0.80118,-1.0321
282,5,-1.107,-0.71542,-1.0414
282,6,-1.2586,-0.689,-1.0466
282,7,-1.166,-0.73984,-1.0397
282,8,-1.125,-0.79558,-1.0546
282,9,-1.125,-0.73363,-1.0529
28,1,-1.2586,-0.81813,-0.95731
28,10,-1.2385,-0.75964,-0.95652
28,11,-1.1442,-0.81269,-0.95595
28,12,-1.2975,-0.81644,-0.96346
28,13,-1.2975,-0.81926,-0.9472
28,14,-1.2586,-0.78098,-0.94897
28,2,-1.2975,-0.79701,-0.95523
28,3,-1.2194,-0.76072,-0.95587
28,4,-1.1887,-0.82582,-0.94258
28,5,-1.2975,-0.84906,-0.95032
28,6,-1.2975,-0.79485,-0.94902
28,7,-1.107,-0.77913,-0.96609
28,8,-1.2975,-0.7796,-0.96535
28,9,-1.2975,-0.8153,-0.94758
29,1,-1.2385,-0.76014,-0.97447
29,10,-1.2194,-0.72255,-0.96539
29,11,-1.2975,-0.78125,-0.96899
29,12,-1.2385,-0.81301,-0.97634
29,2,-1.2586,-0.75607,-0.96174
29,3,-1.2196,-0.74866,-0.96965
29,4,-1.2454,-0.73162,-0.97927
29,5,-1.2385,-0.83393,-0.97882
29,6,-1.2454,-0.78568,-0.96434
29,7,-1.28,-0.79847,-0.94723
29,8,-1.2586,-0.85473,-0.96755
29,9,-1.2385,-0.85521,-0.97427
2,1,-1.2454,-0.67968,-0.87079
2,2,-1.2196,-0.78253,-0.96787
2,3,-1.2196,-0.76144,-0.96357
2,4,-1.2975,-0.81698,-0.95473
2,5,-1.2454,-0.73108,-0.96163
2,6,-1.2586,-0.74037,-0.97174
2,7,-1.2975,-0.80942,-0.95323
2,8,-1.2381,-0.82073,-0.96881
30,1,-1.2975,-0.85243,-0.94083
30,10,-1.3011,-0.86848,-0.94914
30,2,-1.2975,-0.81609,-0.96693
30,3,-1.2975,-0.78837,-0.93682
30,4,-1.2975,-0.778,-0.93947
30,5,-1.2975,-0.80039,-0.94377
30,6,-1.2385,-0.72604,-0.94951
30,7,-1.2975,-0.81716,-0.94243
30,8,-1.1442,-0.83761,-0.94573
30,9,-1.2975,-0.86792,-0.93716
31,1,-1.2975,-0.7796,-0.96419
31,10,-1.125,-0.78216,-0.9576
31,2,-1.2586,-0.79635,-0.97856
31,3,-1.2385,-0.75203,-0.96387
31,4,-1.2454,-0.72018,-0.96448
31,5,-1.2975,-0.82912,-0.95093
31,6,-1.2194,-0.84497,-0.9534
31,7,-1.2975,-0.86341,-0.96521
31,8,-1.2385,-0.78188,-0.94775
31,9,-1.125,-0.80098,-0.94243
32,1,-1.1765,-0.80552,-1.0274
32,2,-1.125,-0.73807,-1.0267
32,3,-1.107,-0.736,-1.0382
32,4,-1.326,-0.88744,-1.0445
32,5,-1.2586,-0.75711,-1.0138
32,6,-1.356,-0.79735,-1.0445
32,7,-1.1765,-0.82194,-1.03
32,8,-1.1887,-0.79609,-1.0249
32,9,-1.356,-0.85702,-1.0287
33,1,-1.125,-0.80051,-0.94214
33,10,-1.125,-0.81109,-0.95644
33,11,-1.1442,-0.68065,-0.9237
33,2,-1.1442,-0.74025,-0.94173
33,3,-1.125,-0.77561,-0.93357
33,4,-1.1442,-0.74259,-0.92348
33,5,-1.125,-0.80437,-0.92838
33,6,-1.1442,-0.65752,-0.9242
33,7,-1.2975,-0.70441,-0.87125
33,8,-1.125,-0.75745,-0.94406
33,9,-1.1442,-0.66571,-0.93456
34,1,-1.2975,-0.67807,-0.86063
34,2,-1.2194,-0.73581,-0.93332
34,3,-1.2194,-0.78852,-0.92493
34,4,-1.2975,-0.71999,-0.92701
34,5,-1.2975,-0.75962,-0.91112
34,6,-1.107,-0.76929,-0.92339
35,1,-1.2975,-0.74029,-1.0279
35,10,-1.2975,-0.75491,-1.0359
35,11,-1.1765,-0.7706,-1.022
35,12,-1.2975,-0.79919,-0.91481
35,2,-1.2975,-0.77023,-1.0283
35,3,-1.2975,-0.81439,-0.91542
35,4,-1.2975,-0.78436,-0.91822
35,5,-1.2975,-0.80524,-0.91688
35,6,-1.2975,-0.81157,-0.90996
35,7,-1.2975,-0.79728,-1.0326
35,8,-1.2975,-0.77242,-1.0365
35,9,-1.2975,-0.78665,-1.0264
36,1,-1.2586,-0.80641,-0.94511
36,10,-1.2385,-0.8132,-0.94278
36,11,-1.2975,-0.84613,-0.94365
36,2,-1.2454,-0.76291,-0.96614
36,3,-1.2586,-0.81775,-0.96506
36,4,-1.1854,-0.84,-0.93723
36,5,-1.2975,-0.78128,-0.93844
36,6,-1.28,-0.85543,-0.9422
36,7,-1.2385,-0.87858,-0.94735
36,8,-1.2385,-0.79968,-0.95083
36,9,-1.2975,-0.79226,-0.95008
38,1,-1.2975,-0.7958,-0.93201
38,10,-1.2586,-0.79469,-0.94248
38,11,-1.2586,-0.8166,-0.94991
38,12,-1.107,-0.798,-0.94105
38,2,-1.2586,-0.86234,-0.93216
38,3,-1.2975,-0.81891,-0.93827
38,4,-1.2975,-0.77632,-0.94919
38,5,-1.2586,-0.81592,-0.92725
38,6,-1.2385,-0.79222,-0.95303
38,7,-1.2975,-0.81044,-0.92568
38,8,-1.2975,-0.7809,-0.95385
38,9,-1.2975,-0.8018,-0.93379
39,1,-1.2586,-0.73735,-1.0043
39,2,-1.2586,-0.78318,-0.99453
39,3,-1.125,-0.61771,-0.99237
39,4,-1.2586,-0.83812,-1.0037
39,5,-1.125,-0.70748,-0.99818
39,6,-1.125,-0.72484,-1.0013
39,7,-1.1442,-0.80088,-1.0047
39,8,-1.2778,-0.79735,-0.99251
39,9,-1.1442,-0.86471,-1.01
3,1,-1.2385,-0.74375,-0.99096
3,10,-1.2975,-0.79635,-0.96179
3,11,-1.2975,-0.83585,-0.96624
3,12,-1.1442,-0.84845,-0.98192
3,13,-1.125,-0.8063,-0.98306
3,14,-1.2586,-0.78651,-0.98213
3,15,-1.125,-0.85422,-0.97687
3,2,-1.2194,-0.81596,-0.96427
3,3,-1.2975,-0.74563,-0.9816
3,4,-1.2586,-0.83102,-0.96034
3,5,-1.1442,-0.73249,-0.99013
3,6,-1.125,-0.76026,-0.97413
3,7,-1.28,-0.77522,-0.97214
3,8,-1.125,-0.83693,-0.97955
3,9,-1.2586,-0.82658,-0.97595
40,1,-1.2385,-0.78258,-0.96461
40,10,-1.2975,-0.74033,-0.98046
40,11,-1.1887,-0.83739,-0.98142
40,12,-1.1765,-0.75968,-0.96391
40,13,-1.1887,-0.73424,-0.95684
40,14,-1.1765,-0.86995,-0.95817
40,2,-1.2194,-0.83306,-0.96145
40,3,-1.2385,-0.77623,-0.96456
40,4,-1.125,-0.79115,-0.96524
40,5,-1.2586,-0.81109,-0.9793
40,6,-1.2586,-0.80239,-0.96332
40,7,-1.2975,-0.7492,-0.96161
40,8,-1.2385,-0.84376,-0.96887
40,9,-1.125,-0.83837,-0.98278
41,1,-1.2975,-0.76073,-1.0164
41,10,-1.2975,-0.84652,-0.97247
41,11,-1.1765,-0.82425,-0.96463
41,2,-1.2975,-0.80739,-1.0034
41,3,-1.2975,-0.80646,-1.0001
41,4,-1.2975,-0.81905,-1.0127
41,5,-1.2975,-0.80314,-1.0017
41,6,-1.2975,-0.80667,-1.0087
41,7,-1.2975,-0.83772,-1.0006
41,8,-1.2975,-0.82264,-0.97047
41,9,-1.1765,-0.83212,-0.99415
42,1,-1.2975,-0.73657,-0.87036
42,2,-1.045,-0.71231,-0.97264
42,3,-1.2975,-0.74944,-0.95904
42,4,-1.2975,-0.72081,-0.9538
43,1,-1.2454,-0.71848,-0.96195
43,2,-1.2454,-0.67161,-0.89174
44,1,-1.2454,-0.719,-0.93055
44,10,-1.2454,-0.8023,-0.91719
44,11,-1.045,-0.73758,-0.93216
44,12,-1.2975,-0.77017,-0.90854
44,2,-1.2194,-0.77647,-0.94316
44,3,-1.2454,-0.70481,-0.93108
44,4,-1.2194,-0.73462,-0.92892
44,5,-1.2975,-0.74423,-0.9332
44,6,-1.2975,-0.77389,-0.90649
44,7,-1.2194,-0.75625,-0.9418
44,8,-1.2194,-0.73772,-0.93566
44,9,-1.2975,-0.75625,-0.92818
45,1,-1.2975,-0.79142,-0.97786
45,2,-1.2975,-0.76072,-0.9592
45,3,-1.2975,-0.72476,-0.96463
45,4,-1.2975,-0.80474,-0.96232
45,5,-1.2975,-0.72873,-0.95707
45,6,-1.2975,-0.79391,-0.975
46,1,-1.2975,-0.78382,-0.95564
46,2,-1.2586,-0.87521,-0.93576
46,3,-1.2454,-0.75852,-0.88549
46,4,-1.2975,-0.76732,-0.9815
47,1,-1.2454,-0.72493,-0.87828
47,2,-1.2975,-0.83262,-0.94058
47,3,-1.2975,-0.7214,-0.88477
47,4,-1.2586,-0.91995,-0.94969
47,5,-1.2975,-0.79594,-0.95779
47,6,-1.2975,-0.84126,-0.93996
47,7,-1.2454,-0.77205,-0.94879
47,8,-1.2975,-0.86748,-0.94268
47,9,-1.2975,-0.80219,-0.94111
48,1,-1.2454,-0.71627,-0.89618
48,10,-1.2454,-0.68022,-0.88728
48,11,-1.2454,-0.77385,-0.97482
48,12,-1.2454,-0.76843,-0.8956
48,13,-1.2454,-0.8187,-0.97038
48,2,-1.2454,-0.76368,-0.9597
48,3,-1.2454,-0.80403,-0.9705
48,4,-1.2454,-0.6953,-0.89337
48,5,-1.2454,-0.74827,-0.97573
48,6,-1.2385,-0.77944,-0.97542
48,7,-1.2975,-0.77665,-0.96865
48,8,-1.2454,-0.81257,-0.96797
48,9,-1.2454,-0.81331,-0.95926
49,1,-1.2975,-0.81376,-1.0076
49,2,-1.2586,-0.86464,-0.98379
49,3,-1.2385,-0.83925,-0.99859
49,4,-1.2975,-0.82159,-1.0062
49,5,-1.2975,-0.78837,-0.99292
49,6,-1.356,-0.85777,-1.0023
49,7,-1.2975,-0.91726,-0.99859
49,8,-1.1765,-0.82549,-0.98179
49,9,-1.1442,-0.74472,-1.0046
4,1,-1.2975,-0.77437,-0.93206
4,2,-1.2975,-0.80565,-0.9347
4,3,-1.2586,-0.71249,-0.93006
4,4,-1.2385,-0.81685,-0.92698
4,5,-1.2975,-0.80615,-0.91951
4,6,-1.2975,-0.77414,-0.94298
4,7,-1.125,-0.8139,-0.92766
4,8,-1.125,-0.88248,-0.91814
4,9,-1.107,-0.79125,-0.93444
50,1,-1.2021,-0.83227,-0.95017
50,10,-1.2586,-0.77517,-0.94657
50,2,-1.2454,-0.80945,-0.96018
50,3,-1.2975,-0.72497,-0.95408
50,4,-1.2454,-0.85836,-0.94517
50,5,-1.2196,-0.84634,-0.93691
50,6,-1.2385,-0.82144,-0.95039
50,7,-1.2385,-0.83153,-0.94546
50,8,-1.2454,-0.76947,-0.96461
50,9,-1.2454,-0.76137,-0.95006
51,1,-1.2196,-0.8164,-0.96927
51,2,-1.2586,-0.80909,-0.96506
51,3,-1.2196,-0.78968,-0.96765
51,4,-1.2196,-0.71353,-0.9512
51,5,-1.2586,-0.79929,-0.9614
51,6,-1.2454,-0.71893,-0.96346
51,7,-1.2975,-0.77665,-0.97864
51,8,-1.2586,-0.79457,-0.96443
51,9,-1.2381,-0.85212,-0.95265
52,1,-1.2454,-0.8389,-0.96306
52,2,-1.2975,-0.82127,-0.9596
52,3,-1.2975,-0.83321,-0.93548
52,4,-1.1992,-0.81229,-0.96212
52,5,-1.2975,-0.82308,-0.94962
52,6,-1.1765,-0.83323,-0.96062
52,7,-1.2975,-0.8713,-0.96243
52,8,-1.1765,-0.7981,-0.96161
52,9,-1.2975,-0.90181,-0.96696
53,1,-1.2454,-0.75012,-0.97672
53,2,-1.2454,-0.74884,-0.98386
53,3,-1.2454,-0.77016,-0.97222
53,4,-1.1854,-0.77857,-0.97283
53,5,-1.2454,-0.80817,-0.96147
53,6,-1.2454,-0.80522,-0.97039
53,7,-1.2975,-0.74751,-0.8929
53,8,-1.2975,-0.76812,-0.97969
53,9,-1.2975,-0.7704,-0.97086
54,1,-1.2385,-0.8344,-0.96785
54,10,-1.2975,-0.78529,-0.95429
54,11,-1.2975,-0.77563,-0.95583
54,12,-1.1765,-0.77787,-0.96019
54,13,-1.166,-0.81478,-0.97182
54,2,-1.2975,-0.74966,-0.96957
54,3,-1.2975,-0.7666,-0.96687
54,4,-1.2975,-0.77255,-0.97032
54,5,-1.2975,-0.73588,-0.9603
54,6,-1.2385,-0.79017,-0.96238
54,7,-1.2385,-0.75155,-0.98017
54,8,-1.2975,-0.78074,-0.95509
54,9,-1.2586,-0.84002,-0.96253
55,1,-1.2975,-0.87081,-0.94839
55,10,-1.1765,-0.8667,-0.96676
55,2,-1.2454,-0.80213,-0.95358
55,3,-1.2975,-0.80037,-0.97031
55,4,-1.356,-0.76921,-0.9875
55,5,-1.356,-0.79788,-0.97928
55,6,-1.2975,-0.86229,-0.96658
55,7,-1.2975,-0.84204,-0.97108
55,8,-1.2975,-0.86059,-0.94647
55,9,-1.2975,-0.82159,-0.96047
56,1,-1.2196,-0.65382,-1.0016
56,10,-1.107,-0.76086,-0.99633
56,2,-1.2454,-0.74202,-1.0038
56,3,-1.2454,-0.72702,-1.0031
56,4,-1.2454,-0.76966,-1.0083
56,5,-1.2975,-0.82792,-1.0037
56,6,-1.2196,-0.7718,-1.0012
56,7,-1.2385,-0.7946,-0.99757
56,8,-1.2975,-0.81457,-1.0103
56,9,-1.2196,-0.7997,-1.0043
57,1,-1.2196,-0.7987,-0.95021
57,10,-1.2586,-0.82695,-0.96061
57,11,-1.1442,-0.83831,-0.96365
57,2,-1.2586,-0.76385,-0.97627
57,3,-1.2586,-0.82574,-0.94741
57,4,-1.2975,-0.77167,-0.96573
57,5,-1.2454,-0.74032,-0.94728
57,6,-1.28,-0.82611,-0.95837
57,7,-1.2586,-0.82131,-0.95224
57,8,-1.2975,-0.80422,-0.96067
57,9,-1.28,-0.82789,-0.96352
58,1,-1.2194,-0.74418,-0.97148
58,10,-1.2975,-0.73068,-0.94816
58,2,-1.2454,-0.76927,-0.95419
58,3,-1.2021,-0.77842,-0.9486
58,4,-1.1854,-0.80409,-0.94368
58,5,-1.2975,-0.81161,-0.95634
58,6,-1.2454,-0.8261,-0.96201
58,7,-1.2454,-0.79092,-0.95012
58,8,-1.1765,-0.84389,-0.95422
58,9,-1.2586,-0.84432,-0.95466
59,1,-1.2385,-0.79302,-0.95936
59,2,-1.125,-0.77868,-0.983
59,3,-1.125,-0.79695,-0.95934
59,4,-1.326,-0.84412,-0.97557
59,5,-1.2975,-0.84539,-0.96262
59,6,-1.28,-0.85613,-0.96505
59,7,-1.2975,-0.82277,-0.97329
59,8,-1.1442,-0.84131,-0.98232
5,1,-1.2586,-0.77149,-0.96371
5,10,-1.1765,-0.71104,-0.95745
5,11,-1.125,-0.77973,-0.96234
5,12,-1.1442,-0.79408,-0.95834
5,13,-1.2385,-0.80065,-0.96602
5,2,-1.2385,-0.78837,-0.95772
5,3,-1.2586,-0.74489,-0.96852
5,4,-1.2385,-0.73607,-0.95764
5,5,-1.2586,-0.78679,-0.95272
5,6,-1.2014,-0.74069,-0.88976
5,7,-1.125,-0.81701,-0.97441
5,8,-1.0901,-0.74051,-0.95208
5,9,-1.2586,-0.77489,-0.95199
60,1,-1.125,-0.70247,-0.99599
60,2,-1.2586,-0.76285,-0.99865
60,3,-1.125,-0.78139,-0.9939
60,4,-1.125,-0.70648,-0.98861
60,5,-1.125,-0.7835,-0.9928
60,6,-1.326,-0.71735,-0.9999
60,7,-1.28,-0.77064,-1.0063
60,8,-1.1887,-0.81528,-1.0091
61,1,-1.125,-0.7536,-0.99117
61,10,-1.125,-0.77261,-0.98417
61,11,-1.125,-0.86464,-0.98374
61,12,-1.1442,-0.82394,-0.98332
61,2,-1.2586,-0.75137,-0.972
61,3,-1.2586,-0.80137,-0.99
61,4,-1.125,-0.77761,-0.99834
61,5,-1.2586,-0.81334,-0.99617
61,6,-1.2586,-0.74973,-0.99468
61,7,-1.2586,-0.81178,-0.99896
61,8,-1.125,-0.79789,-0.99596
61,9,-1.2975,-0.75394,-0.99314
62,1,-1.2975,-0.74254,-0.95873
62,2,-1.2975,-0.78949,-0.94497
62,3,-1.2975,-0.79397,-0.95257
62,4,-1.2586,-0.78788,-0.97172
62,5,-1.2975,-0.77582,-0.95605
62,6,-1.2975,-0.77232,-0.92737
62,7,-1.1765,-0.74247,-0.9608
62,8,-1.3011,-0.77036,-0.94823
63,1,-1.2586,-0.70331,-1.0259
63,2,-1.2586,-0.83086,-1.0195
63,3,-1.2586,-0.91287,-1.0292
63,4,-1.125,-0.75235,-1.0468
63,5,-1.2586,-0.76544,-1.0271
63,6,-1.2586,-0.73562,-1.0268
63,7,-1.125,-0.83934,-1.0305
63,8,-1.28,-0.81984,-1.0307
63,9,-1.2586,-0.86661,-1.0299
64,1,-1.2975,-0.79532,-0.97123
64,10,-1.2975,-0.79391,-0.96751
64,11,-1.2975,-0.80017,-0.95592
64,12,-1.2975,-0.80713,-0.95741
64,2,-1.2385,-0.82137,-0.96586
64,3,-1.2975,-0.73418,-0.95583
64,4,-1.2975,-0.80167,-0.95459
64,5,-1.2385,-0.6964,-0.97333
64,6,-1.2975,-0.77426,-0.95829
64,7,-1.2385,-0.80414,-0.94732
64,8,-1.2975,-0.80538,-0.95544
64,9,-1.2975,-0.81419,-0.9708
65,1,-1.2021,-0.78636,-0.9564
65,2,-1.2021,-0.78049,-0.96241
65,3,-1.2385,-0.83153,-0.9528
65,4,-1.2196,-0.77604,-0.97365
65,5,-1.2196,-0.79086,-0.96621
65,6,-1.2454,-0.74983,-0.96673
65,7,-1.2385,-0.82927,-0.96111
66,1,-1.2454,-0.76269,-0.89242
66,10,-1.2975,-0.73332,-0.97149
66,2,-1.2454,-0.74067,-0.96322
66,3,-1.2454,-0.75692,-0.89349
66,4,-1.2454,-0.78137,-0.97531
66,5,-1.2454,-0.72171,-0.97947
66,6,-1.2454,-0.73549,-0.96992
66,7,-1.2454,-0.69497,-0.97339
66,8,-1.2454,-0.74641,-0.97299
66,9,-1.2454,-0.76324,-0.96869
67,1,-1.2586,-0.75891,-0.95809
67,10,-1.2586,-0.75578,-0.9685
67,11,-1.2385,-0.73826,-0.90467
67,12,-1.2014,-0.73725,-0.96716
67,2,-1.2586,-0.83285,-0.90621
67,3,-1.2975,-0.76193,-0.90126
67,4,-1.2014,-0.74496,-0.96477
67,5,-1.2975,-0.76554,-0.95906
67,6,-1.2385,-0.7679,-0.96354
67,7,-1.2014,-0.75647,-0.89581
67,8,-1.2975,-0.70171,-0.89592
67,9,-1.2586,-0.81605,-0.89805
68,1,-1.2194,-0.72985,-0.95831
68,2,-1.2975,-0.74198,-0.96849
68,3,-1.2975,-0.74875,-0.9516
68,4,-1.28,-0.71011,-0.96381
68,5,-1.2975,-0.78775,-0.96281
68,6,-1.2975,-0.75814,-0.97019
68,7,-1.2975,-0.75713,-0.95273
69,1,-1.2454,-0.76613,-0.89696
69,10,-1.1765,-0.76304,-1.0035
69,2,-1.2454,-0.74304,-1.0133
69,3,-1.2975,-0.73585,-1.0037
69,4,-1.2975,-0.76749,-1.0018
69,5,-1.1992,-0.66408,-0.89197
69,6,-1.2975,-0.74993,-1.0017
69,7,-1.2454,-0.73594,-1.0056
69,8,-1.2975,-0.70476,-1.0081
69,9,-1.2975,-0.69855,-0.99946
6,1,-1.2454,-0.7732,-0.97219
6,2,-1.2454,-0.70836,-0.97628
6,3,-1.2454,-0.79565,-0.98372
6,4,-1.2454,-0.76164,-0.97802
6,5,-1.2454,-0.76372,-0.9763
6,6,-1.2454,-0.72545,-0.97786
6,7,-1.2454,-0.79219,-0.9633
6,8,-1.2454,-0.74622,-0.98234
6,9,-1.2975,-0.81519,-0.95807
70,1,-1.2975,-0.77957,-0.97807
70,2,-1.2586,-0.72863,-0.96116
70,3,-1.2586,-0.78409,-0.98029
70,4,-1.2975,-0.80907,-0.98412
70,5,-1.125,-0.71955,-0.96696
70,6,-1.2975,-0.75713,-0.9926
70,7,-1.2975,-0.80655,-0.98099
70,8,-1.2975,-0.82568,-0.94156
71,1,-1.2975,-0.73962,-0.8791
71,2,-1.2975,-0.71162,-0.95965
72,1,-1.2021,-0.71615,-0.87583
72,10,-1.2454,-0.75554,-0.89475
72,2,-1.2021,-0.78641,-0.87848
72,3,-1.1695,-0.78471,-0.88664
72,4,-1.2975,-0.60483,-0.87656
72,5,-1.2385,-0.75498,-0.98024
72,6,-1.2586,-0.73107,-0.99718
72,7,-1.1854,-0.76608,-0.8834
72,8,-1.2454,-0.69804,-0.98326
72,9,-1.2194,-0.7566,-0.97899
73,1,-1.2021,-0.7965,-0.95649
73,10,-1.2586,-0.77121,-0.94243
73,11,-1.2385,-0.8452,-0.96328
73,2,-1.2454,-0.69094,-0.87642
73,3,-1.2454,-0.72767,-0.9566
73,4,-1.2021,-0.83468,-0.95875
73,5,-1.2021,-0.79963,-0.95867
73,6,-1.2454,-0.73316,-0.95618
73,7,-1.1854,-0.75352,-0.97416
73,8,-1.2454,-0.767,-0.96908
73,9,-1.2454,-0.76428,-0.95338
74,1,-1.1765,-0.72699,-0.95863
74,2,-1.0742,-0.70093,-0.9566
74,3,-1.2194,-0.74105,-0.96845
74,4,-1.125,-0.78475,-0.94628
74,5,-1.107,-0.75045,-0.96638
74,6,-1.1765,-0.72221,-0.9631
74,7,-1.1765,-0.60677,-0.85573
74,8,-1.2194,-0.72763,-0.95118
75,1,-1.2196,-0.81518,-1.002
75,10,-1.2975,-0.7199,-0.97997
75,11,-1.2196,-0.8286,-1.0073
75,12,-1.2196,-0.86508,-0.98931
75,13,-1.2454,-0.75955,-0.98602
75,2,-1.2586,-0.74456,-1.0013
75,3,-1.2021,-0.79983,-0.97178
75,4,-1.2454,-0.72544,-0.96352
75,5,-1.2454,-0.72564,-0.98135
75,6,-1.2586,-0.83314,-0.9845
75,7,-1.2454,-0.75729,-0.96008
75,8,-1.2021,-0.78686,-0.98646
75,9,-1.2196,-0.85347,-0.9935
76,1,-1.2586,-0.70991,-0.98684
76,2,-1.125,-0.75542,-0.97254
76,3,-1.2586,-0.72033,-0.9805
76,4,-1.2586,-0.69718,-0.97089
76,5,-1.125,-0.70557,-0.97384
76,6,-1.125,-0.67821,-0.9756
76,7,-1.2586,-0.76064,-0.95848
76,8,-1.125,-0.74624,-0.98266
76,9,-1.2385,-0.76204,-0.96733
77,1,-1.2385,-0.80697,-0.97037
77,10,-1.2975,-0.84187,-0.9721
77,11,-1.2385,-0.87059,-0.95568
77,12,-1.2586,-0.76265,-0.95803
77,2,-1.2385,-0.82475,-0.97533
77,3,-1.2975,-0.78541,-0.96862
77,4,-1.2975,-0.73966,-0.95872
77,5,-1.2194,-0.78546,-0.94463
77,6,-1.2975,-0.73148,-0.97161
77,7,-1.2385,-0.86632,-0.95624
77,8,-1.1765,-0.79438,-0.96774
77,9,-1.2586,-0.84621,-0.94229
78,1,-1.1765,-0.75527,-0.95595
78,10,-1.125,-0.76128,-0.95027
78,11,-1.1765,-0.75616,-0.9309
78,2,-1.2586,-0.77809,-0.93674
78,3,-1.2586,-0.85432,-0.96018
78,4,-1.125,-0.77644,-0.96662
78,5,-1.1765,-0.81614,-0.94567
78,6,-1.107,-0.79735,-0.92612
78,7,-1.1442,-0.87276,-0.93464
78,8,-1.125,-0.84271,-0.93673
78,9,-1.2975,-0.79008,-0.93552
79,1,-1.1854,-0.80688,-0.9565
79,2,-1.1854,-0.79022,-0.95869
79,3,-1.2194,-0.85362,-0.95234
79,4,-1.2014,-0.75034,-0.95619
79,5,-1.1854,-0.79867,-0.95949
79,6,-1.2385,-0.78773,-0.95594
79,7,-1.2975,-0.72424,-0.95021
7,1,-1.2975,-0.81219,-0.9721
7,2,-1.125,-0.85192,-0.96053
7,3,-1.125,-0.82287,-0.95081
7,4,-1.125,-0.82186,-0.94978
7,5,-1.125,-0.82996,-0.9724
7,6,-1.2975,-0.84787,-0.96121
7,7,-1.1887,-0.73649,-0.99165
80,1,-1.2385,-0.88509,-0.94193
80,10,-1.2586,-0.81338,-0.92594
80,11,-1.28,-0.75968,-0.92928
80,12,-1.2385,-0.89349,-0.92741
80,13,-1.1442,-0.88375,-0.91822
80,14,-1.326,-0.8416,-0.92686
80,2,-1.2385,-0.85551,-0.92771
80,3,-1.2385,-0.80196,-0.92635
80,4,-1.2586,-0.91761,-0.93075
80,5,-1.2385,-0.86999,-0.94032
80,6,-1.2586,-0.8357,-0.9439
80,7,-1.2385,-0.82677,-0.93718
80,8,-1.2385,-0.80602,-0.94076
80,9,-1.2975,-0.67653,-0.88317
81,1,-1.2021,-0.75464,-0.93387
81,10,-1.2021,-0.8417,-0.97513
81,11,-1.2454,-0.72398,-0.97021
81,12,-1.2021,-0.73065,-0.96547
81,2,-1.1854,-0.86387,-0.97032
81,3,-1.2454,-0.74259,-0.97173
81,4,-1.2454,-0.71227,-0.95903
81,5,-1.2385,-0.74949,-0.94068
81,6,-1.2021,-0.78543,-0.9637
81,7,-1.2454,-0.71602,-0.95485
81,8,-1.2454,-0.74569,-0.96909
81,9,-1.2021,-0.80494,-0.98061
82,1,-1.2454,-0.82216,-0.96954
82,10,-1.2454,-0.89027,-0.95115
82,2,-1.2454,-0.8486,-0.96699
82,3,-1.2975,-0.83578,-0.98427
82,4,-1.2454,-0.833,-0.96494
82,5,-1.2975,-0.89194,-0.95975
82,6,-1.2454,-0.8274,-0.96908
82,7,-1.2454,-0.82719,-0.98534
82,8,-1.2454,-0.90304,-0.96987
82,9,-1.2454,-0.8749,-0.97318
83,1,-1.2196,-0.86292,-0.93691
83,10,-1.326,-0.82521,-0.92871
83,2,-1.2454,-0.83806,-0.93242
83,3,-1.2586,-0.89258,-0.94602
83,4,-1.2454,-0.78196,-0.94484
83,5,-1.2586,-0.83138,-0.95079
83,6,-1.2586,-0.92675,-0.93942
83,7,-1.2196,-0.82248,-0.93715
83,8,-1.2975,-0.76072,-0.9435
83,9,-1.2586,-0.70639,-0.93694
84,1,-1.2975,-0.72013,-0.95938
84,2,-1.2021,-0.78256,-0.9487
84,3,-1.2454,-0.72827,-0.94804
84,4,-1.2021,-0.81688,-0.96878
84,5,-1.2454,-0.7116,-0.95945
84,6,-1.2196,-0.82131,-0.94813
84,7,-1.2196,-0.87175,-0.95581
84,8,-1.2196,-0.7833,-0.94354
85,1,-1.2586,-0.81299,-1.0153
85,10,-1.125,-0.80664,-1.0054
85,11,-1.1765,-0.76272,-0.98886
85,12,-1.2975,-0.78997,-0.99523
85,2,-1.2586,-0.73657,-0.98884
85,3,-1.2975,-0.75404,-1.0005
85,4,-1.2975,-0.78428,-1.0065
85,5,-1.2975,-0.72961,-0.98445
85,6,-1.1765,-0.77671,-0.9982
85,7,-1.2975,-0.78383,-0.99362
85,8,-1.1765,-0.70805,-0.98936
85,9,-1.2975,-0.79777,-1.0108
86,1,-1.2975,-0.66345,-0.8725
87,1,-1.2975,-0.75293,-0.97255
87,2,-1.2975,-0.77863,-0.96807
87,3,-1.2975,-0.79383,-0.96777
87,4,-1.2975,-0.79986,-0.98153
87,5,-1.1765,-0.76003,-0.96456
88,1,-1.2586,-0.77498,-0.95655
88,10,-1.2975,-0.85957,-0.97013
88,2,-1.1765,-0.78981,-0.94145
88,3,-1.1765,-0.77532,-0.95166
88,4,-1.2975,-0.79004,-0.95566
88,5,-1.2975,-0.79816,-0.94853
88,6,-1.1765,-0.7954,-0.94892
88,7,-1.1765,-0.77671,-0.95545
88,8,-1.2975,-0.7845,-0.95581
88,9,-1.1765,-0.76614,-0.96115
89,1,-1.2586,-0.77445,-0.95816
89,10,-1.2586,-0.82739,-0.94387
89,2,-1.2586,-0.80435,-0.95572
89,3,-1.2975,-0.75607,-0.95443
89,4,-1.2586,-0.79123,-0.96026
89,5,-1.2586,-0.81055,-0.94218
89,6,-1.2586,-0.74051,-0.93765
89,7,-1.2021,-0.80302,-0.97338
89,8,-1.2586,-0.71404,-0.94155
89,9,-1.2194,-0.72071,-0.95904
8,1,-1.2975,-0.78543,-0.96391
8,10,-1.2975,-0.83553,-0.95517
8,11,-1.2975,-0.79268,-0.99651
8,12,-1.241,-0.79368,-0.97438
8,2,-1.2975,-0.80307,-0.98627
8,3,-1.2385,-0.87897,-0.97317
8,4,-1.2385,-0.76629,-0.97687
8,5,-1.2975,-0.8108,-0.97154
8,6,-1.2975,-0.73174,-0.98037
8,7,-1.2975,-0.77389,-0.96176
8,8,-1.2385,-0.8057,-0.96078
8,9,-1.2975,-0.81354,-0.9638
90,1,-1.1765,-0.92509,-0.93907
90,2,-1.2975,-0.92646,-0.98048
90,3,-1.1765,-0.85537,-0.98248
90,4,-1.2975,-0.82442,-0.94422
90,5,-1.2975,-0.87234,-0.96525
90,6,-1.1765,-0.8974,-0.97
90,7,-1.356,-0.89795,-0.9764
91,1,-1.2454,-0.8095,-0.97943
91,2,-1.3011,-0.82327,-0.96027
91,3,-1.2454,-0.78434,-0.98119
91,4,-1.28,-0.83252,-0.97735
91,5,-1.2975,-0.84282,-0.96178
91,6,-1.2975,-0.85677,-0.96887
91,7,-1.2975,-0.80237,-0.9979
91,8,-1.3011,-0.98537,-0.96064
91,9,-1.2975,-0.77397,-0.98944
92,1,-1.2975,-0.79859,-1.015
92,10,-1.1442,-0.73693,-1.0171
92,11,-1.107,-0.76295,-1.0168
92,2,-1.2385,-0.7762,-1.0171
92,3,-1.125,-0.82313,-1.0218
92,4,-1.2586,-0.83677,-1.0215
92,5,-1.1765,-0.79309,-1.0201
92,6,-1.125,-0.77823,-1.0177
92,7,-1.125,-0.77221,-1.014
92,8,-1.125,-0.83143,-1.0194
92,9,-1.2975,-0.74546,-1.0415
93,1,-1.28,-0.81429,-0.95445
93,2,-1.2975,-0.78135,-0.94558
93,3,-1.326,-0.82042,-0.9426
93,4,-1.2385,-0.81132,-0.95014
93,5,-1.2586,-0.81772,-0.92715
93,6,-1.2975,-0.80142,-0.93736
93,7,-1.2196,-0.92526,-0.94401
93,8,-1.28,-0.84434,-0.93754
93,9,-1.1765,-0.86304,-0.9474
94,1,-1.2454,-0.72462,-0.9688
94,10,-1.2454,-0.74513,-0.97404
94,2,-1.2021,-0.87235,-0.95975
94,3,-1.2454,-0.71822,-0.96888
94,4,-1.2975,-0.72878,-0.95072
94,5,-1.2454,-0.70935,-0.95875
94,6,-1.2385,-0.77826,-0.96048
94,7,-1.2021,-0.8123,-0.95083
94,8,-1.2454,-0.73059,-0.95084
94,9,-1.2975,-0.73757,-0.9694
95,1,-1.2975,-0.74497,-0.96395
95,10,-1.1765,-0.78776,-0.96781
95,11,-1.1765,-0.77965,-0.97488
95,12,-1.1442,-0.80681,-0.96598
95,13,-1.2975,-0.81,-0.96754
95,14,-1.1765,-0.79632,-0.96794
95,2,-1.2194,-0.75845,-0.97653
95,3,-1.2975,-0.68452,-0.90181
95,4,-1.2385,-0.75629,-0.97897
95,5,-1.1765,-0.76156,-0.96221
95,6,-1.2975,-0.74833,-0.96256
95,7,-1.2975,-0.7609,-0.97118
95,8,-1.2975,-0.75721,-0.96299
95,9,-1.2975,-0.80299,-0.95031
96,1,-1.2021,-0.81461,-0.94994
96,10,-1.28,-0.8904,-0.9343
96,11,-1.2975,-0.7969,-0.94776
96,2,-1.2454,-0.78793,-0.9625
96,3,-1.2454,-0.74027,-0.94092
96,4,-1.2194,-0.83221,-0.95764
96,5,-1.2975,-0.72459,-0.95169
96,6,-1.28,-0.80754,-0.95731
96,7,-1.2454,-0.81134,-0.9539
96,8,-1.2194,-0.79867,-0.94284
96,9,-1.2975,-0.80714,-0.9457
97,1,-1.326,-0.58984,-0.96503
97,10,-1.1442,-0.75381,-0.95295
97,11,-1.1442,-0.73375,-0.96035
97,12,-1.1442,-0.8005,-0.94679
97,2,-1.125,-0.79194,-0.95586
97,3,-1.125,-0.71688,-0.95771
97,4,-1.2586,-0.78155,-0.94775
97,5,-1.1887,-0.64818,-0.94697
97,6,-1.28,-0.79582,-0.95401
97,7,-1.1442,-0.73144,-0.95939
97,8,-1.2586,-0.72486,-0.94998
97,9,-1.2586,-0.79961,-0.96119
98,1,-1.2975,-0.76687,-0.97612
98,10,-1.125,-0.78758,-0.95588
98,11,-1.125,-0.80717,-0.98262
98,2,-1.2385,-0.79714,-0.98263
98,3,-1.2975,-0.78678,-0.96036
98,4,-1.2975,-0.85426,-0.97576
98,5,-1.107,-0.80326,-0.98204
98,6,-1.2975,-0.73064,-0.99374
98,7,-1.107,-0.80709,-0.96066
98,8,-1.125,-0.80044,-0.97494
98,9,-1.2975,-0.78378,-0.9717
99,1,-1.2454,-0.70178,-0.89378
99,10,-1.2454,-0.79856,-0.96166
99,11,-1.2021,-0.86617,-0.95856
99,12,-1.2196,-0.81365,-0.96914
99,2,-1.2454,-0.66253,-0.91072
99,3,-1.2586,-0.77973,-0.9685
99,4,-1.2021,-0.78733,-0.98333
99,5,-1.2021,-0.8068,-0.89646
99,6,-1.2454,-0.62942,-0.8993
99,7,-1.1992,-0.66961,-0.89886
99,8,-1.2021,-0.77828,-0.89895
99,9,-1.2454,-0.69201,-0.90966
9,1,-1.2975,-0.79086,-0.96331
9,2,-1.2975,-0.74568,-0.97357
9,3,-1.2975,-0.78714,-0.98025
9,4,-1.2454,-0.78906,-0.96786
9,5,-1.2975,-0.84596,-0.97159
